"RDS_MAN_NO","ROAD_BT","split_id","park_lot","park_n"
2339,40,1,4107,280
2339,40,2,5097,569
2339,40,3,4598,463
2339,40,4,1929,199
2339,40,5,1470,162
2339,40,6,2509,147
2339,40,7,3262,155
2339,40,8,3321,176
2339,40,9,4489,271
2339,40,10,2761,166
79,30,11,4099,285
79,30,12,1505,283
79,30,13,2524,306
79,30,14,2223,269
79,30,15,3797,417
79,30,16,8842,559
79,30,17,4721,174
2509,25,18,3543,362
2509,25,19,5444,358
2509,25,20,3880,392
2509,25,21,2502,521
2509,25,22,1386,287
373,35,23,5132,783
373,35,24,7752,839
373,35,25,5685,411
373,35,26,3453,135
505,25,27,3424,410
505,25,28,6259,596
505,25,29,4470,470
778,20,30,2316,207
778,20,31,1738,295
778,20,32,1803,247
778,20,33,2022,170
778,20,34,3572,380
778,20,35,3912,254
1018,25,36,2325,219
1018,25,37,2367,372
1018,25,38,1688,366
1018,25,39,1282,270
2657,20,40,4596,302
2657,20,41,4107,524
2657,20,42,6509,501
2657,20,43,4220,396
2657,20,44,2945,342
2657,20,45,1786,173
2657,20,46,4363,154
2657,20,47,2985,100
2657,20,48,1151,228
2657,20,49,1105,269
2657,20,50,877,165
2493,25,51,2506,140
2493,25,52,2146,211
2493,25,53,2250,289
2493,25,54,2024,188
1394,19,55,3620,301
1394,19,56,2974,394
25,10,57,2415,173
25,10,58,3663,204
25,10,59,3367,195
668,25,60,1682,284
668,25,61,3206,298
668,25,62,3323,405
668,25,63,3304,566
1080,20,64,3522,506
1080,20,65,3934,581
1080,20,66,3991,354
1080,20,67,4741,329
1219,14,68,5766,451
1219,14,69,3176,547
1272,35,70,3697,304
1272,35,71,6497,680
1272,35,72,6748,521
1272,35,73,4495,297
1272,35,74,3658,176
1272,35,75,5232,479
1272,35,76,4059,699
911,10,77,3950,139
911,10,78,2308,330
911,10,79,2092,365
3463,29,80,5592,891
3463,29,81,4642,622
3463,29,82,3872,501
3463,29,83,2935,361
3463,29,84,932,176
2217,20,85,3596,191
2217,20,86,3865,171
2217,20,87,2564,123
2217,20,88,3177,140
2217,20,89,2979,162
2217,20,90,1696,126
2217,20,91,2676,42
2222,30,92,5915,422
2222,30,93,9306,619
2222,30,94,9320,560
2222,30,95,7811,459
2222,30,96,5306,426
3635,25,97,3739,291
3635,25,98,1589,293
3635,25,99,1837,267
3635,25,100,2404,401
3635,25,101,3461,590
646,18,102,4799,473
646,18,103,6960,532
646,18,104,5744,542
646,18,105,2992,548
1830,25,106,1968,420
1830,25,107,2640,403
1830,25,108,2148,322
1830,25,109,3527,531
1727,11,110,3557,400
1727,11,111,2713,261
2620,16,112,3067,261
2620,16,113,5884,617
2907,23,114,4546,233
2907,23,115,2572,300
2907,23,116,1295,168
2992,17,117,1557,299
2992,17,118,2243,207
2992,17,119,3514,197
2992,17,120,3380,219
3054,20,121,1069,123
3054,20,122,1429,110
3054,20,123,1631,342
3054,20,124,3734,590
3054,20,125,5633,887
3194,20,126,3526,407
3194,20,127,1376,253
3653,10,128,3643,261
3653,10,129,4774,385
3951,20,130,821,111
3951,20,131,851,215
3951,20,132,361,56
132,9,133,3213,320
132,9,134,3969,435
224,5,135,1575,285
224,5,136,3633,371
288,5,137,2157,306
288,5,138,3482,386
311,9,139,5925,486
311,9,140,3585,511
273,5,141,6419,500
273,5,142,4666,446
344,10,143,8158,570
344,10,144,6731,557
297,8,145,6590,501
297,8,146,5910,462
353,8,147,9393,616
353,8,148,7902,597
70,6,149,9443,630
70,6,150,9082,645
320,11,151,5924,297
320,11,152,4096,271
364,13,153,7240,281
364,13,154,7337,341
406,6,155,7652,740
406,6,156,5522,582
425,7,157,6310,609
425,7,158,6689,484
447,5,159,5795,473
447,5,160,4399,200
459,14,161,7327,683
459,14,162,6638,925
819,9,163,2873,248
819,9,164,3997,306
672,10,165,3322,401
672,10,166,1904,353
684,6,167,3763,421
684,6,168,2231,399
1229,8,169,5078,391
1229,8,170,2991,533
1185,7,171,5758,474
1185,7,172,3544,583
1346,12,173,6190,543
1346,12,174,5209,571
1333,6,175,4427,285
1333,6,176,3681,233
473,4,177,5250,323
473,4,178,6739,598
1691,10,179,831,147
1691,10,180,755,113
1552,7,181,4680,638
1552,7,182,6179,449
2315,9,183,8240,488
2315,9,184,4887,282
2238,10,185,8658,495
2238,10,186,7099,254
2231,6,187,9013,468
2231,6,188,9362,551
2239,6,189,8025,328
2239,6,190,8346,383
2259,5,191,7594,478
2259,5,192,5822,453
823,8,193,6343,379
823,8,194,4780,342
2291,10,195,5880,402
2291,10,196,3647,217
2303,6,197,7111,449
2303,6,198,4495,244
1874,20,199,1932,237
1874,20,200,2292,180
1886,6,201,1796,202
1886,6,202,1066,127
3429,8,203,2571,488
3429,8,204,2063,405
1980,6,205,2577,490
1980,6,206,2415,389
2026,7,207,3374,549
2026,7,208,4471,524
2041,8,209,4198,660
2041,8,210,5068,746
1952,19,211,3707,336
1952,19,212,2121,353
2382,11,213,2165,261
2382,11,214,1978,316
2436,6,215,4479,302
2436,6,216,5614,525
2272,9,217,6010,423
2272,9,218,9150,544
2444,8,219,3109,189
2444,8,220,4267,245
2778,10,221,4069,233
2778,10,222,4610,288
2859,8,223,2615,234
2859,8,224,2520,201
1818,20,225,942,238
1818,20,226,443,82
1818,20,227,309,20
1819,10,228,593,167
1819,10,229,465,65
2927,7,230,2140,336
2927,7,231,2908,493
3077,9,232,5306,800
3077,9,233,4560,581
3319,5,234,4289,499
3319,5,235,6178,676
3240,4,236,3416,377
3240,4,237,2195,380
4032,3,238,4340,354
4032,3,239,4844,483
4032,3,240,3423,319
4031,4,241,5102,487
4031,4,242,6460,554
4031,4,243,5038,595
4031,4,244,2329,485
4031,4,245,1109,207
4031,4,246,1067,55
4051,3,247,1583,34
4051,3,248,1089,62
4051,3,249,947,200
4051,3,250,867,200
4051,3,251,333,33
4051,3,252,192,11
4052,3,253,2967,151
4052,3,254,2517,127
4052,3,255,1985,88
3612,4,256,5595,549
2454,4,257,5058,388
2340,6,258,4092,255
3570,2,259,6084,642
3673,2,260,4279,510
3654,6,261,3792,272
2336,4,262,3962,277
2337,3,263,4292,519
2341,4,264,2310,168
2342,4,265,4900,510
2343,4,266,6194,635
2344,3,267,4886,498
2347,8,268,5218,562
3613,12,269,4373,244
3614,7,270,6164,627
3615,10,271,4772,297
3616,4,272,4042,283
3611,14,273,3158,359
2338,4,274,5915,637
3464,30,275,2254,172
44,2,276,2483,185
46,2,277,2467,183
94,5,278,3999,267
89,8,279,4097,430
92,6,280,8967,579
90,1,281,1827,286
93,4,282,3938,422
96,4,283,1782,294
91,5,284,3996,269
88,4,285,6545,505
72,8,286,8788,549
3506,3,287,1707,263
3519,2,288,1964,288
98,4,289,4409,161
73,2,290,1953,286
81,6,291,6857,371
82,4,292,1918,283
97,6,293,7592,384
71,5,294,8632,531
3591,2,295,1814,292
83,6,296,1745,255
76,4,297,4694,175
87,4,298,2318,287
77,10,299,3546,424
78,4,300,2084,268
80,4,301,2354,279
84,4,302,6883,513
85,4,303,1593,276
86,4,304,1896,278
2863,25,305,1540,133
3481,2,306,2094,434
3484,2,307,2942,513
2503,2,308,2071,430
2505,6,309,3668,388
2506,2,310,2403,500
2504,2,311,2680,475
3483,2,312,2964,517
2502,6,313,3945,398
2507,1,314,4294,398
2508,4,315,1306,266
3821,10,316,5834,505
375,3,317,4756,291
374,7,318,7216,908
371,3.5,319,5568,872
378,4,320,4120,163
372,1.5,321,5752,901
379,3.5,322,5709,894
376,4.5,323,4408,210
3584,1,324,4146,168
518,4,325,5761,592
511,3,326,4699,515
514,2,327,6316,602
515,2,328,3536,441
513,4,329,5868,610
585,5,330,3415,411
529,6,331,3597,457
528,4,332,5490,582
512,2,333,6567,627
522,3,334,4201,454
526,4,335,4377,451
530,2,336,3546,445
532,5,337,4879,530
520,8,338,5742,622
508,2,339,6529,620
589,2,340,3200,397
519,2,341,4629,477
525,3,342,5489,559
516,5,343,5065,538
509,3,344,4813,516
510,6,345,5591,620
517,2,346,3718,480
2488,2,347,6612,637
766,3,348,3805,425
762,2,349,1432,192
763,7,350,4531,340
770,3,351,4081,273
771,4,352,1324,179
772,2,353,1877,153
774,6,354,3528,195
765,2,355,1332,181
767,6,356,2746,280
764,1,357,2329,214
768,2,358,1895,150
777,5.5,359,3244,323
3637,4,360,1792,142
3638,2,361,1980,166
3639,1,362,2074,180
761,7.5,363,4860,416
773,4,364,3364,180
775,5,365,3951,402
3620,3.5,366,3677,397
1022,4,367,1723,386
1017,2,368,1476,339
1023,2,369,1742,387
1016,2,370,1793,377
1019,8,371,2609,258
1020,6,372,2578,441
1021,2,373,1607,331
1024,3,374,2063,414
3622,3,375,1431,327
3617,36,376,712,143
2664,2,377,1238,281
2665,3.5,378,1188,221
2667,2,379,1455,284
2670,4,380,3854,518
2659,3,381,1389,288
2660,3.5,382,1144,203
2662,1,383,1058,202
2663,6,384,4785,437
2656,6,385,2441,246
3533,3,386,4716,534
3529,1,387,1493,270
3531,6,388,4360,528
3535,3,389,1181,206
3534,4,390,5543,513
2654,4,391,6288,501
2661,2,392,1020,255
2685,4,393,5180,537
2658,4,394,3792,518
2646,4,395,3947,521
2645,8,396,6113,498
2647,4,397,5630,488
2649,2,398,1254,284
2651,4,399,1135,255
2652,3,400,1068,197
2653,3.5,401,1225,264
2655,1,402,1034,259
3625,9,403,6095,481
3528,1,404,1394,267
2650,1,405,1077,199
2648,2,406,1267,272
2644,4,407,5503,518
2666,4,408,5440,526
2668,3,409,2353,210
2669,2,410,1042,268
2686,6,411,5361,540
45,25,412,2697,161
1140,3,413,2874,434
1135,3,414,3678,365
1144,2,415,3260,410
1136,4,416,2710,430
3870,1.304,417,3510,368
3871,1.261,418,3520,368
3872,1.165,419,3533,369
3873,1.323,420,3590,385
3874,1.043,421,3562,379
1397,6,422,3529,283
1391,4,423,3534,338
1392,2,424,3519,361
1396,2,425,3664,309
1142,1,426,3768,369
2,10,427,6216,601
3578,7,428,5529,555
4011,10,429,3899,337
3,5.5,430,5438,532
3606,1,431,3400,405
654,3,432,4326,505
657,4,433,1524,274
661,2,434,1585,299
662,1,435,3016,285
664,2,436,1574,296
671,4,437,1639,290
665,2,438,3333,405
667,1,439,3374,406
655,3,440,3146,290
659,1,441,1532,277
3593,4,442,3401,409
651,2,443,3229,350
666,5,444,3021,289
663,1,445,1611,291
653,1,446,1646,300
670,3,447,3122,286
736,6,448,1631,294
847,11,449,3364,564
675,4,450,4621,542
658,4,451,3357,409
652,3,452,4039,451
656,2,453,3393,402
3592,3,454,3029,291
669,3,455,3130,312
3421,6,456,3012,542
868,4,457,1199,209
869,1.5,458,1191,213
870,4,459,1046,184
867,4,460,1195,208
871,15,461,1113,211
872,3,462,1220,213
864,4,463,1216,210
865,4,464,914,172
866,3,465,1221,214
3471,2,466,4659,329
1146,2,467,4613,235
1147,2,468,4645,322
1151,4,469,3077,333
1148,2,470,4720,320
1150,1,471,3287,331
1082,3,472,3637,533
1081,8,473,3167,481
1083,6,474,2562,433
1084,3,475,3806,364
1085,2,476,4149,366
1086,2,477,4672,320
1087,2,478,4767,306
1089,20,479,4835,605
1090,1,480,3909,333
1091,2,481,4681,325
1093,1,482,3513,375
1094,1,483,4776,303
1095,3.511,484,4744,302
1096,4,485,4762,304
3571,3,486,3523,388
1092,1,487,4702,301
1088,3,488,4619,322
1149,2,489,4694,332
1097,1,490,4020,358
1077,3,491,3763,357
1078,20,492,3718,569
1195,2,493,5537,465
1200,4,494,5829,461
1198,2,495,4273,529
3490,2,496,4940,475
1206,6,497,5775,460
3627,6,498,5772,463
1118,5,499,3023,536
1863,3,500,2411,494
3516,1,501,5367,476
3518,2,502,5432,427
1213,2,503,4229,519
3512,1,504,5582,465
3513,1,505,5577,469
3514,1,506,5592,472
3515,1,507,5612,477
3492,2,508,5154,468
3569,2,509,3036,544
3498,2,510,5711,415
3501,1,511,4610,451
3493,3,512,5127,464
1203,2,513,5503,427
1197,3,514,5236,468
1102,3,515,2492,512
3672,3,516,5852,455
1111,5,517,2565,532
1210,4,518,5661,410
1209,6,519,3935,496
1109,2,520,3001,538
1204,4,521,4716,447
3495,2,522,5731,468
3489,3,523,4806,501
3496,2,524,4762,489
3499,3,525,5511,388
1220,2,526,5767,456
1221,4,527,6044,468
1217,3,528,5860,458
1218,4,529,5393,425
3497,6,530,5554,396
3500,2,531,5564,400
3491,2,532,5169,474
3494,2,533,5700,463
1300,2,534,6769,520
1275,2,535,6132,623
1276,2,536,4449,212
1310,2,537,4203,722
1311,4,538,3500,292
1312,8,539,5266,337
1315,1,540,4360,201
1270,2,541,6760,529
1281,2,542,6613,556
1289,2,543,2677,200
1296,2,544,4703,717
3599,2,545,5243,487
1278,2,546,3318,269
1303,6,547,3393,271
1298,4,548,3574,516
3564,2,549,4202,730
1314,3,550,6658,499
1294,2,551,4253,734
1288,2,552,4058,693
1291,7,553,5832,593
918,2.5,554,1459,304
920,2,555,2115,359
921,3,556,1801,335
922,2,557,1814,344
923,2,558,2103,369
925,4,559,1865,345
3588,4,560,2729,396
915,2,561,1883,345
3568,2,562,2155,369
1010,3,563,5207,349
3590,3,564,2856,424
919,4,565,3962,135
912,2,566,2144,367
3587,4,567,3776,383
3589,1,568,2761,402
913,2,569,2171,375
910,2,570,1964,359
1273,3,571,885,159
1274,5,572,864,159
1301,3,573,4913,642
1293,2,574,5503,848
1284,5,575,5559,906
1308,3,576,5185,667
1318,5,577,2286,316
1306,5,578,841,146
1309,1.5,579,2279,265
1317,1,580,1491,249
1385,3.5,581,5600,872
1271,3.5,582,5401,695
1302,1.5,583,1283,191
1286,2.5,584,4488,577
1307,2,585,849,152
1313,2,586,4224,534
1285,3,587,4227,521
1372,4.5,588,5456,859
1374,3,589,5428,848
3931,9,590,5347,820
1295,3,591,4166,522
1297,2,592,847,151
1299,4,593,5471,836
1277,4.5,594,4896,626
1279,3,595,5559,731
1280,1,596,5585,909
1290,1,597,2400,294
1282,2.5,598,5493,901
2218,4,599,3661,202
2216,4,600,3677,200
2982,4,601,3585,249
3601,2,602,1649,291
3802,7.524,603,1605,314
1845,4,604,1822,263
1867,6,605,3024,364
1857,4,606,3427,351
1859,4,607,2468,329
2195,3,608,1698,325
1872,4,609,3793,321
1864,4,610,3086,350
3433,1,611,2368,461
1832,3,612,3670,263
1860,4,613,1684,247
1846,4,614,3651,257
1836,3,615,3240,560
1840,3,616,2784,506
2204,4,617,1681,314
2208,3,618,1641,297
1855,2,619,2632,497
1853,4,620,3263,558
3446,2,621,2499,427
1869,25,622,1766,266
1820,25,623,1778,265
1882,4,624,1648,291
1829,4,625,1912,276
1884,3,626,1540,243
3596,3,627,3160,552
3600,3,628,1623,284
3602,2,629,1693,300
3603,1,630,1622,286
3605,2,631,1746,310
3604,3,632,1653,295
1822,25,633,1702,247
1825,2,634,3457,590
2328,4,635,3384,582
647,4,636,4248,598
650,4,637,5027,575
643,2,638,6757,516
644,4,639,4467,601
645,4,640,4571,595
648,4,641,4099,598
649,4,642,5439,558
3608,1,643,2134,434
1844,2,644,1952,419
1850,2,645,2111,282
1858,2,646,2527,401
1847,3,647,2184,347
1848,4,648,2545,402
1861,3,649,3729,564
1862,3,650,2316,480
3532,3,651,1955,405
1843,2,652,1547,356
3566,4,653,4023,610
1868,2,654,2141,279
1870,2,655,2094,407
1871,4,656,1491,344
1873,4,657,2115,437
1856,2,658,2120,429
1865,4,659,1861,398
3609,1,660,1707,355
1821,2,661,2132,277
1831,3,662,3629,542
1833,3,663,2258,288
1841,4,664,3572,539
1851,2,665,2151,297
1838,4,666,2165,456
1839,5,667,3518,536
1842,2,668,1809,385
1854,3,669,2056,307
3636,2,670,1974,410
1823,6,671,3359,506
1828,3,672,3529,526
1835,2,673,2424,361
1849,5,674,3683,548
1852,4,675,3686,546
3607,2,676,1496,344
1827,5,677,2838,417
1824,2,678,2508,396
1826,3,679,2243,483
1637,4,680,3505,422
1733,1,681,2486,295
1640,3,682,3533,413
1730,4,683,2909,293
1731,1.5,684,2746,269
1650,1,685,3509,434
1732,1,686,2709,263
1734,3,687,3097,325
1735,1,688,2468,288
1736,2,689,2806,279
1728,1,690,2358,270
1642,1,691,3520,426
1643,3,692,3179,334
2618,6,693,6155,635
2628,8,694,5779,532
2615,1,695,6327,652
2616,8,696,2924,257
2621,3,697,4754,474
2623,8,698,3173,285
2625,8,699,5334,516
2617,2,700,2896,250
2622,4,701,3080,272
2627,3,702,5759,524
2619,1,703,6246,656
2614,8,704,4751,441
2612,3,705,5848,570
2629,6,706,3887,358
2978,1,707,4747,331
2979,2,708,4669,329
2980,2,709,2934,325
2900,3,710,2553,306
2901,2,711,2360,306
2977,3,712,4749,331
2908,2,713,1292,162
2909,8,714,2863,319
2910,2,715,2183,293
2902,1,716,2902,319
2903,4,717,2972,324
2904,1,718,2892,320
2905,1,719,1237,147
2906,2,720,1125,124
2915,5,721,2923,322
2985,4,722,2607,196
2981,4,723,3532,239
2986,4,724,3824,251
2988,4,725,3485,237
3000,4,726,2602,208
2999,3,727,3450,216
2983,3,728,3657,255
726,1,729,1834,220
715,1,730,1844,221
3001,2,731,3926,266
718,2,732,1847,223
2997,4,733,3369,227
2998,2,734,1825,217
2996,4,735,3341,227
2987,4,736,3857,253
2993,1,737,1772,309
2984,3,738,3443,212
724,2,739,1907,217
2990,4,740,1555,300
2991,2,741,1798,310
2994,4,742,3534,242
2995,4,743,3880,255
725,2,744,1835,217
3064,6,745,4826,796
1287,4,746,5460,898
3065,4,747,1495,121
3509,9,748,1963,450
3052,6,749,4209,660
3061,3,750,1734,361
3053,1,751,1960,453
3063,4.5,752,5748,904
3059,3,753,4515,743
3055,10,754,5391,869
3425,3,755,4953,819
3062,4.5,756,1766,385
3060,4,757,1465,120
3057,6,758,5691,922
3058,2,759,1451,117
3056,3,760,1891,387
3179,5,761,3483,465
3182,3.5,762,3727,485
3185,3,763,1299,220
3188,4.5,764,1230,228
3189,2.5,765,3442,449
3191,3,766,3643,428
3192,3.5,767,2981,396
3207,3,768,2614,334
3203,2.5,769,3478,459
3195,2,770,1245,201
3184,3,771,3365,346
3181,4,772,3785,431
3193,3,773,3420,356
3198,5,774,1275,237
3199,4,775,3387,443
3200,3.5,776,3710,487
3202,3,777,3320,438
3841,3,778,3412,231
3667,6,779,4592,349
3668,3,780,4430,315
3669,3,781,4561,332
3671,3,782,3424,250
3670,4,783,5013,399
1252,2,784,4075,348
3541,2,785,3433,332
3745,2,786,3494,327
3741,8,787,3462,324
3747,2,788,3378,320
3746,3,789,3399,320
1251,2,790,4917,308
1250,8,791,3360,332
1237,5,792,4548,242
1239,2,793,4467,187
1240,2,794,4455,201
1242,2,795,4786,299
1241,2,796,3600,320
1386,1,797,4735,249
1387,3,798,4676,255
1389,6,799,5292,290
1390,2,800,5348,292
1388,4.348,801,4778,282
2537,1.805,802,4138,351
2538,6,803,4192,359
2541,2,804,4185,362
2535,1.453,805,3588,350
1131,2,806,3727,404
1122,5,807,3793,420
3868,2,808,3529,370
3869,1.823,809,3070,362
2554,8,810,3077,360
2555,6,811,3084,365
3369,4,812,3178,358
2916,8,813,3274,381
1124,3,814,3051,487
3368,6,815,3212,458
1126,4,816,2881,436
1119,6,817,3169,357
1127,1,818,2775,447
1125,1,819,2306,474
1130,1.277,820,2747,438
1121,2,821,2341,482
1120,5,822,2802,452
2510,8,823,4702,229
2511,3,824,3800,158
2952,3,825,4669,307
3379,5,826,4721,312
2946,4,827,4221,304
2951,3,828,4682,305
2523,8,829,3491,277
2518,4,830,3479,273
2520,4,831,3554,288
2514,7,832,4555,254
2521,2,833,4442,221
2515,2,834,4895,286
2519,3,835,4836,275
2527,2,836,4619,247
1248,4,837,3618,338
1243,1,838,3961,325
3378,5,839,3921,318
1238,6,840,4011,336
1247,8,841,3848,340
4,5,842,5223,506
5,6,843,3288,548
6,7,844,2658,494
11,2,845,2092,467
7,5,846,4244,435
8,3,847,2108,466
10,4,848,4347,439
9,3,849,4409,446
22,3,850,4012,376
23,8,851,4329,449
1542,2,852,4258,703
1543,4,853,5419,792
1544,2.5,854,4914,785
1540,2,855,4772,780
1541,6,856,4706,762
15,1.5,857,6271,645
13,1.5,858,6532,667
18,2,859,6012,614
16,4,860,6458,660
17,4,861,5477,545
19,1,862,6091,631
3169,1.5,863,4316,713
20,3,864,5732,586
21,3.5,865,6640,684
12,3,866,5705,579
36,5,867,3624,226
2587,5,868,3592,217
2588,6,869,2972,214
2553,8,870,5005,440
2596,8,871,3567,227
2595,1,872,6168,484
2594,1,873,6307,471
2592,1,874,5791,435
2593,5,875,5761,431
2605,4,876,4403,258
2603,3,877,4165,249
2602,1,878,4149,243
2604,4,879,3988,252
2600,4,880,4522,273
2601,2,881,4172,248
2597,7,882,5983,424
2598,2,883,6092,458
2599,3,884,5972,424
33,3,885,4205,258
34,6,886,3935,249
2611,2,887,4509,288
2606,4,888,5041,292
2607,2,889,4608,296
41,3,890,4357,265
2609,8,891,4687,294
42,8,892,4392,280
2608,8,893,4489,286
2610,3,894,4608,275
43,3,895,4800,271
3634,3,896,4683,315
3376,8,897,4777,304
2512,3,898,4796,318
2524,3,899,3895,309
2517,3,900,3910,303
2522,3,901,3918,306
3374,7,902,4718,309
2516,3,903,4678,315
2525,2,904,3877,309
2526,4,905,3936,327
2528,1,906,3879,309
3375,8,907,3867,313
2513,2,908,3863,306
2529,2,909,3887,353
2530,7,910,4013,349
2533,2,911,4083,365
2536,3,912,3818,378
3373,7,913,3580,382
2539,4,914,3503,370
2551,1,915,3300,408
2548,1,916,3793,382
3372,6,917,3305,409
2542,1,918,3268,391
2543,1,919,3318,402
2544,1,920,3822,388
2545,3,921,3169,418
2546,2,922,3829,398
2547,2,923,3257,402
2549,1,924,3320,407
2552,1,925,3333,418
2550,1,926,3239,389
3371,6,927,2740,459
2558,1,928,3470,436
2556,1,929,3730,411
2559,3,930,3413,465
2557,1,931,3441,422
2560,2,932,3281,446
2561,4,933,3385,440
2564,1,934,2828,446
3370,7,935,2942,482
2565,3,936,2872,471
2566,4,937,2903,455
2567,2,938,2812,455
2577,4,939,1443,273
2582,2,940,1961,381
2581,4,941,2055,414
2572,2,942,1719,329
2575,4,943,1488,292
2573,2,944,1779,348
2571,2,945,1949,383
2579,4,946,1818,356
2576,4,947,1871,359
2574,2,948,1585,310
2578,2,949,1815,355
2580,4,950,1828,361
2569,2,951,1746,340
2570,4,952,1543,300
2585,8,953,1497,292
2583,3,954,1928,377
2584,2,955,1794,359
27,2,956,1310,167
2586,7,957,1184,224
3628,4,958,1122,207
3629,4,959,1075,196
2589,6,960,1122,212
38,2,961,1024,190
37,2,962,927,163
2590,9,963,1024,190
40,3,964,1077,214
2591,5,965,1139,218
3610,4,966,2611,150
50,3,967,3256,212
48,3,968,3372,241
47,6,969,2869,159
49,3,970,3389,245
51,3,971,3712,267
3842,3,972,3407,217
52,4,973,4238,310
53,8,974,3369,181
55,2,975,3860,295
60,6,976,3931,286
59,3,977,3718,227
56,3,978,3560,217
57,8,979,3839,250
58,3,980,3823,252
1376,2,981,2214,301
1370,3,982,3562,226
365,7,983,3610,234
366,5,984,3795,253
1377,2,985,2177,302
1378,2,986,2155,304
367,8,987,3555,290
368,3,988,3108,272
100,5,989,3073,273
102,4,990,3004,270
99,2,991,3019,274
103,4,992,3028,281
104,2,993,3018,278
101,4,994,3028,281
1380,4,995,3727,209
1382,6,996,3800,215
1383,3,997,3712,206
168,8,998,3760,200
3475,6,999,3595,194
107,1,1000,3146,289
108,8,1001,3090,283
127,2,1002,3595,406
141,4,1003,3425,399
3410,5,1004,3362,401
136,5,1005,3282,378
138,4,1006,3317,406
128,3,1007,3877,425
130,2,1008,2814,507
142,5,1009,3587,393
133,1,1010,1596,302
134,4,1011,4177,485
144,4,1012,3633,402
135,3,1013,3949,434
137,5,1014,3354,396
3411,4,1015,3215,405
121,5,1016,3336,370
3398,2,1017,2368,409
784,5,1018,2351,445
3397,3,1019,2291,398
688,2,1020,2299,441
3399,3,1021,2338,404
3452,1,1022,2400,452
147,2,1023,2462,463
3454,1,1024,2424,446
148,3,1025,2565,472
146,2,1026,2569,477
3453,1,1027,2385,448
145,6,1028,2313,458
106,2,1029,1506,279
105,4,1030,1523,278
165,5,1031,1742,354
109,3,1032,1766,268
111,2,1033,1468,275
114,1,1034,1477,279
115,2,1035,1674,256
112,4,1036,1680,270
113,8,1037,1668,250
110,2,1038,1484,276
158,4,1039,1695,265
157,4,1040,1688,260
159,4,1041,1695,259
150,4,1042,1697,263
160,4,1043,1793,284
161,5,1044,1791,268
156,4,1045,1704,262
172,14,1046,1822,378
169,1,1047,2194,216
171,8,1048,1937,229
170,1,1049,2192,212
299,5,1050,3902,227
174,1,1051,2105,259
177,1,1052,2094,249
176,1,1053,2271,217
175,6,1054,2198,220
178,1,1055,2072,242
181,6,1056,1885,279
206,6,1057,1621,243
191,4,1058,1750,275
3801,1.815,1059,1924,321
228,4.094,1060,2188,311
3542,3,1061,2528,367
232,3,1062,2406,368
3544,2,1063,3645,368
233,6,1064,3683,360
231,6,1065,3702,357
236,3,1066,2282,357
238,3,1067,2317,360
237,3,1068,2224,353
239,6,1069,2259,359
234,6,1070,2504,380
229,5,1071,2453,376
230,6,1072,2738,373
244,4,1073,2988,375
242,3,1074,3348,372
240,4,1075,3630,358
245,4,1076,2992,390
241,5,1077,3361,379
243,3,1078,3394,375
235,4,1079,1469,269
215,5,1080,1756,257
216,5,1081,1762,243
208,5,1082,1767,241
209,5,1083,1810,259
210,5,1084,1673,244
211,5,1085,1752,245
212,5,1086,1682,239
214,5,1087,1788,254
207,5,1088,1790,245
213,5,1089,1752,256
262,3,1090,2042,334
263,5,1091,1888,296
264,5,1092,2053,320
266,5,1093,2048,328
269,5,1094,2110,289
267,3,1095,2132,339
268,5,1096,2109,287
265,5,1097,2076,295
217,4,1098,2022,250
219,5,1099,2049,252
220,4,1100,2022,243
221,4,1101,2130,265
222,4,1102,2126,264
218,4,1103,2678,263
284,3,1104,3716,373
285,3,1105,2241,324
291,5,1106,2678,403
283,5,1107,2410,411
290,4,1108,3467,380
225,17,1109,2668,231
226,9,1110,2335,279
227,9,1111,2359,284
253,6,1112,3960,406
256,7,1113,4073,411
259,6,1114,4199,418
254,6,1115,3796,395
257,6,1116,4485,437
261,6,1117,3866,379
255,5,1118,4447,431
307,3,1119,5363,515
308,3,1120,5951,495
309,4,1121,3789,521
303,4,1122,3788,516
300,3,1123,4179,524
302,3,1124,5996,486
305,3,1125,3565,504
306,4,1126,3818,524
317,4,1127,3543,514
312,3,1128,3936,527
313,3,1129,5014,537
314,3,1130,5267,522
315,4,1131,3567,504
316,3,1132,3787,520
301,8,1133,3894,523
310,8,1134,3331,505
325,3,1135,7433,528
324,6,1136,7649,540
328,3,1137,7403,526
329,3,1138,7416,525
330,3,1139,7140,533
331,3,1140,7170,527
327,3,1141,7200,517
326,3,1142,7127,532
250,4,1143,4728,421
248,3,1144,5267,441
249,3,1145,4792,429
251,4,1146,5283,442
3469,1.5,1147,4730,453
252,1.5,1148,4411,432
3468,1.5,1149,4605,448
258,4,1150,4961,435
260,5,1151,4987,441
270,1,1152,6418,504
271,1,1153,6529,516
272,1,1154,6524,501
274,5,1155,5689,455
275,1.5,1156,6977,516
276,4,1157,4339,433
277,1,1158,4868,450
281,1.5,1159,7878,523
279,5,1160,5791,461
280,2.5,1161,4971,453
282,3,1162,4709,448
3559,1,1163,5016,447
246,2.5,1164,4373,434
247,3,1165,4583,437
278,5,1166,4558,442
340,3,1167,6266,552
337,4,1168,8687,580
339,8,1169,7341,575
342,3,1170,5617,535
332,3,1171,7536,566
333,3,1172,7303,557
334,3,1173,8110,565
369,4,1174,6735,563
3426,4,1175,6218,545
292,2.5,1176,4879,460
295,3.5,1177,7024,516
296,6,1178,5861,459
298,3,1179,8108,539
293,4,1180,7865,538
3488,6.5,1181,5178,445
348,8,1182,7542,593
358,6,1183,8253,633
362,3,1184,8809,632
350,6,1185,8525,654
359,4,1186,7899,603
349,3,1187,8001,610
356,6,1188,7709,598
361,4,1189,8841,644
351,3,1190,9675,606
355,8,1191,7494,585
357,4,1192,8982,611
360,8,1193,7676,590
345,3,1194,9662,615
346,4,1195,6544,567
347,4,1196,9088,611
352,4,1197,9010,641
354,4,1198,9212,604
321,6,1199,7875,537
63,3,1200,9182,640
64,3,1201,9344,651
65,3,1202,9347,653
66,6,1203,9206,642
68,3,1204,9822,633
69,3,1205,9286,648
67,4,1206,9416,653
318,3,1207,3852,250
319,4,1208,3658,218
323,3,1209,3806,239
322,5,1210,3787,232
1371,2,1211,2761,302
363,4,1212,7822,311
1375,4,1213,2366,302
480,5.5,1214,6060,772
483,3,1215,6244,813
484,3,1216,5997,760
479,4,1217,6277,797
482,4.5,1218,6144,773
485,4,1219,6023,734
489,2.5,1220,5759,911
487,3,1221,5616,877
486,4,1222,5528,843
488,4,1223,5668,886
481,5,1224,7458,805
383,5,1225,5571,863
382,4.5,1226,6310,877
380,4,1227,6353,898
381,5,1228,6292,878
491,1.5,1229,5425,658
493,2,1230,5577,669
494,6,1231,6898,805
492,1,1232,5873,701
490,1,1233,5455,725
498,3,1234,6352,734
497,5,1235,7483,787
495,2.5,1236,7666,811
496,2.5,1237,6618,768
499,3,1238,6595,763
501,1,1239,5261,705
500,1,1240,7032,827
504,6,1241,5889,764
502,2,1242,5496,734
503,4.5,1243,5926,768
386,3.5,1244,4753,587
3546,3.5,1245,8036,734
395,3,1246,4052,584
396,1,1247,5142,630
392,4,1248,7359,799
394,3,1249,4847,593
391,4,1250,7074,770
388,4,1251,7922,730
389,4.5,1252,7395,798
390,3.5,1253,7501,698
387,1.5,1254,5028,630
385,4,1255,6705,730
384,2.5,1256,4902,599
393,3,1257,8014,753
397,10,1258,7523,813
370,4,1259,7372,802
377,2.5,1260,7344,794
402,3.5,1261,7158,709
401,4,1262,6377,594
403,5,1263,6908,685
399,3.5,1264,6986,688
400,4,1265,6217,562
404,5,1266,6728,668
405,6,1267,7321,726
398,4,1268,6494,621
408,3,1269,6653,573
409,4,1270,6492,713
412,5,1271,6580,732
413,5,1272,6343,616
410,4,1273,7165,661
411,4,1274,7258,687
417,5.5,1275,6854,610
424,5,1276,7272,667
418,4,1277,7088,703
419,1,1278,6713,677
407,3.5,1279,6672,578
420,5.5,1280,3628,556
423,1,1281,6845,611
421,2,1282,5910,623
416,2.5,1283,5625,601
422,2,1284,7201,650
414,5,1285,6582,651
3572,2.5,1286,6866,475
426,4,1287,6725,476
427,1,1288,6761,654
428,4,1289,7313,576
440,3,1290,4278,519
3456,2.5,1291,6056,521
442,5,1292,3880,508
441,3,1293,6634,562
443,4,1294,6299,540
444,4,1295,5345,528
445,3,1296,5986,515
3427,2.5,1297,6058,531
434,2,1298,5617,479
437,2,1299,5634,487
438,1.5,1300,5851,497
439,3,1301,6742,591
435,6,1302,6210,519
436,1,1303,5866,504
415,5,1304,6416,549
446,5,1305,4506,554
433,3.5,1306,6331,467
432,3,1307,5917,494
430,3,1308,5791,482
431,4,1309,6286,457
429,4,1310,6694,499
451,1.5,1311,5050,773
452,1.5,1312,5228,791
449,4,1313,5304,817
450,1.5,1314,5682,888
1373,2,1315,5498,841
448,1,1316,5198,785
3383,2.5,1317,5540,849
966,1,1318,5938,523
968,1,1319,5473,367
967,4,1320,5709,437
3422,4.5,1321,5254,320
457,5,1322,6798,604
3575,3,1323,6579,929
462,5,1324,7134,726
463,3.5,1325,6592,924
468,3,1326,7253,738
3380,5,1327,4917,225
453,4,1328,4628,687
470,2,1329,5795,703
469,4,1330,4646,681
478,6,1331,5235,788
611,8,1332,2960,267
604,8,1333,2433,296
605,4,1334,2642,289
602,3,1335,2663,299
603,2,1336,2833,304
580,3,1337,3150,385
591,2,1338,3145,386
584,2,1339,3108,375
588,2,1340,2871,314
587,11,1341,2768,325
590,2,1342,3010,348
592,3,1343,2916,313
593,2,1344,2886,311
594,2,1345,3215,398
581,4,1346,2767,354
583,4,1347,2940,369
586,4,1348,2649,331
582,4,1349,2802,364
568,7,1350,4316,475
569,7,1351,4519,494
566,8,1352,5221,558
567,2,1353,5607,520
564,6,1354,4214,504
563,4,1355,4464,451
559,2,1356,6198,639
2472,3,1357,6193,640
560,4,1358,5667,621
561,7,1359,5884,636
557,7,1360,5445,532
3382,8,1361,5634,578
558,4,1362,6385,519
3619,3,1363,5711,564
554,3,1364,5564,538
555,1,1365,6350,516
556,3,1366,5452,543
3583,3,1367,6087,500
553,8,1368,5786,548
552,4,1369,6608,535
1319,4,1370,5921,579
550,6,1371,5845,608
551,6,1372,5831,568
547,6,1373,6108,606
548,4,1374,6091,626
549,4,1375,6023,619
541,4,1376,6267,539
542,3,1377,6251,595
543,3,1378,6235,546
545,3,1379,6133,536
546,3,1380,6200,535
1682,3,1381,6355,545
544,7,1382,6223,564
540,6,1383,6196,635
538,7,1384,6086,575
539,3,1385,6660,564
537,7,1386,6047,612
535,3,1387,6029,622
536,3,1388,6008,581
534,3,1389,5948,596
533,4,1390,5564,580
637,3,1391,4610,492
636,8,1392,4478,464
640,3,1393,4857,535
642,3,1394,4579,484
641,3,1395,4623,492
638,3,1396,4597,502
639,3,1397,4573,482
634,2,1398,4793,488
628,3,1399,4235,451
633,2,1400,4208,438
624,4,1401,4792,501
625,3,1402,4161,455
630,2,1403,4322,454
631,9,1404,4526,460
632,2,1405,4241,440
629,2,1406,4389,450
635,4,1407,4030,413
626,5,1408,4695,491
627,2,1409,4256,443
620,4,1410,4794,537
621,5,1411,5060,569
622,5,1412,4980,556
623,7,1413,4991,555
619,3,1414,4485,469
617,13,1415,3693,393
618,3,1416,3677,344
1015,5,1417,3464,371
615,6,1418,3325,348
613,4,1419,3177,307
614,9,1420,2585,255
616,2,1421,2987,284
565,5,1422,3047,343
783,4,1423,1899,273
786,3,1424,1690,204
790,3,1425,2482,154
791,3,1426,1657,198
787,4,1427,2493,160
788,3,1428,1703,208
789,3,1429,2561,179
785,3,1430,2661,196
795,3,1431,1731,201
796,3,1432,1767,222
800,3,1433,1731,200
793,3,1434,2612,189
794,7,1435,2797,230
797,3,1436,1824,223
799,4,1437,1861,232
798,3,1438,2575,182
792,3,1439,2798,231
801,4,1440,2536,171
802,6,1441,1565,176
803,4,1442,1282,166
804,3,1443,1492,193
805,7,1444,2999,328
806,4,1445,2909,297
808,3,1446,2834,289
807,3,1447,2939,293
809,4,1448,3089,311
827,5,1449,3065,291
829,8,1450,3220,304
828,5.5,1451,3045,286
825,2.5,1452,3397,335
826,2.5,1453,3296,325
831,3.5,1454,3047,343
832,4,1455,3044,321
830,6,1456,2778,241
833,6,1457,2971,272
834,6,1458,3482,358
836,4,1459,3581,368
3554,2,1460,3618,376
835,7,1461,3371,336
840,3,1462,3422,382
841,1.5,1463,3374,366
837,3.5,1464,3578,386
838,3,1465,3616,384
839,4,1466,3593,395
3553,3,1467,3616,299
813,4,1468,2080,196
816,4,1469,2483,221
818,4,1470,2517,215
810,4,1471,3699,276
812,4,1472,3611,268
815,4,1473,4026,299
820,8,1474,2403,225
821,4,1475,3589,274
811,4,1476,3606,257
814,4,1477,2289,202
817,4,1478,3712,274
3420,17,1479,3168,331
782,5,1480,1977,330
3414,2,1481,1962,332
3415,2,1482,2069,341
780,3,1483,1796,286
779,3,1484,1798,287
781,3,1485,1659,286
3445,6,1486,2294,370
676,8,1487,1989,397
677,8,1488,2003,399
681,8,1489,1943,398
678,7,1490,3703,416
679,2,1491,3668,412
680,1,1492,3731,418
3401,3,1493,2317,378
3402,4,1494,2277,366
3465,1,1495,2332,371
3413,3,1496,2214,408
683,2,1497,3784,424
685,2,1498,3852,434
686,7,1499,1949,407
3412,5,1500,2261,419
690,5,1501,4430,522
3597,1,1502,3989,455
689,7,1503,2326,445
674,4,1504,4351,511
682,4,1505,4694,560
687,5,1506,4776,568
691,3,1507,4864,569
692,4,1508,4854,569
695,4,1509,3272,566
698,6,1510,3444,583
699,6,1511,3423,587
701,3,1512,3270,564
696,3,1513,3423,582
697,3,1514,3407,581
700,3,1515,3431,583
1975,3,1516,3053,530
1973,2,1517,3022,521
1977,2,1518,3079,534
1972,1,1519,3043,530
1976,1,1520,3088,537
1974,2,1521,3037,523
1971,1,1522,2985,518
714,5,1523,2936,525
711,2,1524,2617,494
712,1,1525,2528,481
713,1,1526,3021,528
710,2,1527,2658,505
708,6,1528,2602,501
3562,1,1529,2814,507
703,1,1530,2933,524
704,4,1531,2635,508
705,2,1532,2892,515
706,2,1533,2864,515
707,1,1534,2613,502
709,2,1535,2620,502
849,3,1536,5123,625
853,1,1537,4796,610
851,1.5,1538,4812,599
852,3,1539,5111,624
848,4,1540,5182,634
850,3,1541,5213,625
3486,1.5,1542,4840,600
859,4,1543,5274,629
862,2,1544,3418,574
861,3,1545,4589,695
854,3,1546,4471,583
855,2,1547,3415,570
857,5,1548,5420,638
856,2,1549,4577,587
858,2,1550,4389,634
860,3,1551,5202,630
843,1.5,1552,4894,611
845,3,1553,4981,622
846,2,1554,4839,606
844,3,1555,4853,611
731,3,1556,1720,259
730,3,1557,1752,273
729,1,1558,1847,251
719,3,1559,1792,280
727,3,1560,1857,251
716,3,1561,1747,297
717,1,1562,1839,248
721,3,1563,1837,289
722,6,1564,1878,234
723,3,1565,1939,227
720,2,1566,1886,230
728,1,1567,1785,247
693,2,1568,1832,311
694,5,1569,1706,309
750,4,1570,1565,275
3556,2,1571,1511,270
746,3,1572,1569,279
743,1,1573,2346,225
745,2,1574,1627,276
748,2,1575,1520,268
749,2,1576,1707,273
742,8,1577,1786,247
744,1,1578,2310,237
747,3,1579,1684,269
3543,2,1580,1764,306
732,1,1581,1854,297
733,2,1582,1770,308
734,1,1583,1912,312
735,6,1584,1708,294
737,2,1585,1891,307
738,1,1586,1667,293
739,1,1587,1703,299
741,3,1588,1693,298
740,1,1589,1700,292
3418,1,1590,1700,298
751,8,1591,2947,277
757,8,1592,3057,302
758,3,1593,3090,308
759,2,1594,3093,305
752,5,1595,2892,291
874,5,1596,1301,243
882,4,1597,1069,261
879,3,1598,1080,262
880,2,1599,1286,240
902,1,1600,1070,207
904,1,1601,1131,194
899,1,1602,1149,204
898,1,1603,1126,191
901,1,1604,1067,206
903,4,1605,1041,203
875,3,1606,1490,248
876,2.5,1607,1458,288
877,2,1608,1570,279
878,4,1609,1508,272
881,3,1610,1499,270
908,3,1611,1194,208
884,2,1612,1261,238
885,2,1613,1254,235
886,2,1614,1256,236
887,3,1615,1258,238
888,3,1616,1286,248
889,2,1617,1242,230
3621,2,1618,1274,241
892,2,1619,1238,244
893,2,1620,1067,257
894,3,1621,1194,242
891,2,1622,1247,238
890,3,1623,1066,247
873,4,1624,1173,205
895,3,1625,1235,235
896,3,1626,1194,228
897,3,1627,1564,247
905,3,1628,1561,250
906,3,1629,1587,261
907,4,1630,1584,258
883,6,1631,983,172
863,4,1632,1031,190
1075,4,1633,3956,421
1072,8,1634,3972,404
1074,4,1635,3844,388
1073,6,1636,3582,376
1076,7,1637,3501,388
1025,8,1638,3464,402
1026,2,1639,1851,400
1027,3,1640,1856,402
1028,3,1641,2021,425
1029,7,1642,2006,421
1031,2,1643,2300,458
1033,5,1644,2135,441
1030,2,1645,2012,418
1032,3,1646,1975,409
1034,2,1647,1655,347
1035,3,1648,1668,352
1036,2,1649,1836,382
1042,2,1650,1630,332
1037,2,1651,1604,328
1040,4,1652,1740,361
1041,3,1653,1782,369
1044,2,1654,1712,348
1045,2,1655,1819,376
1048,2,1656,1958,408
1049,3,1657,1576,326
2563,2,1658,2092,440
2562,2,1659,1992,428
1043,3,1660,1846,391
1038,3,1661,1999,426
1039,2,1662,1457,307
1046,4,1663,1527,322
1047,3,1664,1721,367
1050,3,1665,1683,358
1051,4,1666,1778,376
3890,2,1667,1463,309
1059,2,1668,1530,319
1057,3,1669,1408,300
1055,3,1670,1317,283
1058,3,1671,1603,340
1053,8,1672,1525,322
1052,3,1673,1577,333
1054,3,1674,1351,288
1056,3,1675,1581,334
1060,2,1676,1261,261
1061,4,1677,1354,283
1062,2,1678,1333,277
1063,7,1679,2772,255
1064,2,1680,3268,306
1065,3,1681,3243,314
1066,4,1682,3441,337
1067,2,1683,3234,309
1068,3,1684,3432,320
1069,4,1685,3016,286
1070,2,1686,2525,242
1071,5,1687,2989,272
1132,5,1688,2905,526
1143,2,1689,3056,538
1137,5,1690,2536,521
1145,2,1691,2467,517
3502,2,1692,2420,509
1141,2,1693,2410,505
1174,6,1694,5951,474
1172,2,1695,5779,467
1171,2,1696,5953,468
1173,2,1697,5795,460
1184,2,1698,4406,558
1186,2,1699,4363,559
1181,2,1700,3982,560
1177,2,1701,4034,570
1175,2,1702,5803,473
1178,2,1703,4052,565
1187,2,1704,4029,566
1108,2,1705,3450,578
1107,2,1706,3403,581
1106,2,1707,3175,569
1110,2,1708,3213,576
1115,2,1709,3406,583
1112,2,1710,3182,573
1113,2,1711,3695,579
1098,2,1712,3378,582
1099,2,1713,3383,583
1101,4,1714,3431,589
1359,2,1715,3954,557
1105,2,1716,3649,578
3630,6,1717,2947,539
1255,5,1718,2999,553
1256,6,1719,3407,595
1129,7,1720,2805,482
1123,1,1721,3343,405
1128,2,1722,2618,453
1245,7,1723,3742,367
1246,7,1724,3939,348
1244,1,1725,4698,320
1134,8,1726,3524,350
3876,2.189,1727,3061,359
3882,2.105,1728,3504,363
3883,1.511,1729,3057,358
3875,2.028,1730,3020,351
1139,7,1731,3268,355
1160,2,1732,2954,326
1155,3,1733,2748,330
1156,7,1734,2893,332
1157,1,1735,4724,331
1158,1,1736,2958,327
3549,3,1737,2318,304
3550,3,1738,2335,317
3551,5,1739,2392,325
3864,1,1740,2972,340
3865,1.696,1741,2897,336
3866,1.536,1742,2892,337
3867,2.048,1743,4586,341
1161,1,1744,2856,326
1159,1,1745,2910,324
3863,4.513,1746,2947,340
3861,3.185,1747,2942,341
3862,2,1748,2973,346
1163,4,1749,4786,344
1162,3,1750,4816,349
1164,2,1751,4858,326
1165,3,1752,4838,335
1166,3,1753,3090,340
1167,3,1754,4765,344
1168,3,1755,4764,344
1169,6,1756,4673,329
1170,9,1757,4752,316
1182,2,1758,4125,530
1183,3,1759,4275,550
1176,2,1760,4499,553
1179,5,1761,4088,523
1180,5,1762,3665,519
1152,3,1763,3630,558
2532,6,1764,2555,485
1153,7,1765,2774,523
2184,4,1766,2750,529
1154,6,1767,3064,553
1191,20,1768,2956,555
1192,20,1769,3515,588
1188,8,1770,3543,581
1193,3,1771,3647,600
1226,3,1772,3497,590
1194,6,1773,2640,531
1189,6,1774,2658,535
1190,3,1775,3741,586
1227,4,1776,3657,604
1228,3,1777,3437,585
1225,3,1778,3623,614
1224,3,1779,3483,598
1223,3,1780,3414,588
1230,11,1781,2923,544
1235,6,1782,3774,624
1234,3,1783,3562,607
1236,4,1784,2239,466
1231,3,1785,2369,511
1232,3,1786,3465,594
1233,2,1787,2939,548
1196,8,1788,3509,482
1117,3,1789,3178,536
1100,5,1790,3245,509
1104,5,1791,3088,544
1116,3,1792,2540,522
1216,8,1793,5906,384
1202,2,1794,5541,425
1212,2,1795,5531,412
1211,3,1796,5693,425
1201,5,1797,5447,400
1199,2,1798,4943,437
1215,7,1799,5017,415
1214,2,1800,4823,417
1207,6,1801,3944,446
1222,3,1802,4107,462
1814,6,1803,5820,548
1812,4,1804,5922,587
1813,7,1805,5980,605
1321,5,1806,5999,640
1676,5,1807,6200,566
1677,3,1808,6457,598
1532,2,1809,6329,584
1533,8,1810,6131,603
1686,4,1811,6225,577
1688,4,1812,6212,553
1689,3,1813,6226,552
1690,6,1814,6278,557
1685,2,1815,6345,591
1687,4,1816,6213,554
3594,6,1817,6110,626
1328,2,1818,6496,630
1336,5,1819,5633,569
1337,7,1820,5491,569
1338,8,1821,6279,591
1339,6,1822,6462,586
1340,6,1823,6699,601
1341,4,1824,6657,577
1342,6,1825,6256,592
1343,8,1826,6417,585
1344,7,1827,6016,592
1684,1,1828,6409,552
1678,3,1829,6840,542
1679,7,1830,6397,547
1680,3,1831,6283,545
1681,3,1832,6878,547
1354,2,1833,4600,560
1348,7,1834,5797,580
1353,4,1835,5937,585
1351,2,1836,4804,566
1352,4,1837,5938,548
1349,2,1838,4633,562
1350,4,1839,5882,558
1347,4,1840,6127,540
1329,2,1841,6049,440
1331,2,1842,6143,471
1330,5,1843,6032,458
1811,8,1844,6340,496
1807,2,1845,6616,487
1809,2,1846,6732,485
1810,2,1847,6558,488
1320,10,1848,4786,290
1379,10,1849,4776,309
1409,8,1850,4094,298
3390,4,1851,4341,262
1325,4,1852,4346,263
1322,4,1853,4549,272
1324,1,1854,4527,276
1323,6,1855,4547,280
1332,2,1856,3690,236
1334,3,1857,3928,251
1335,3,1858,3750,241
1395,7,1859,4715,276
1393,2,1860,3973,341
1345,19,1861,4503,272
1406,2,1862,4725,297
1407,7,1863,4294,190
1408,7,1864,5016,221
1357,5,1865,3842,230
1381,6,1866,3776,216
1355,5,1867,3773,230
1356,6,1868,3893,241
1358,5,1869,4140,266
1421,2,1870,4761,301
1420,7,1871,4476,189
1422,3,1872,4476,190
1364,4,1873,4090,359
1360,2,1874,3606,324
1363,3,1875,3731,334
1365,2,1876,3829,346
1366,5,1877,3511,303
1367,5,1878,3783,322
1368,4,1879,3710,308
1369,10,1880,3520,187
1433,5,1881,4272,182
1537,3,1882,4907,446
1539,2,1883,5106,427
1538,4,1884,4897,439
1534,4,1885,4923,398
1535,6,1886,4960,457
1448,7,1887,5203,459
1441,7,1888,5121,447
1442,4,1889,2801,395
1443,4,1890,4769,369
1444,7,1891,4781,378
1445,6,1892,4717,364
1446,2,1893,4467,378
1447,7,1894,2938,406
1545,6,1895,2931,423
1546,2,1896,2919,425
1547,4,1897,2838,413
1548,4,1898,2824,387
1549,2,1899,2799,402
1551,3,1900,2886,431
1550,8,1901,2838,416
1453,6,1902,4710,407
1452,4,1903,4764,434
1487,7,1904,3433,474
1490,4,1905,4998,465
1491,3,1906,4850,390
1488,4,1907,3448,507
2058,4,1908,3508,499
1489,2,1909,4826,382
1503,8,1910,3595,528
1516,3,1911,3900,691
1517,2,1912,3750,676
1518,2,1913,4127,717
1519,4,1914,4069,714
3539,3,1915,4411,383
1495,4,1916,4467,395
1493,3,1917,4371,374
1494,3,1918,4306,371
1492,3,1919,4487,398
1589,2,1920,3858,350
1361,4,1921,3840,349
1362,4,1922,4026,370
1588,4,1923,3695,335
1592,3,1924,4732,431
1593,2,1925,4739,430
1590,2,1926,4677,417
1591,4,1927,4754,435
1794,11,1928,4995,474
926,3,1929,1607,271
927,3,1930,1651,273
929,2.5,1931,1294,264
930,3,1932,1588,266
928,2,1933,1561,268
932,4,1934,1397,276
934,2,1935,1343,259
933,2,1936,1342,257
935,1,1937,1361,261
931,2.5,1938,1367,264
949,2,1939,1284,252
950,3,1940,1231,232
943,2.5,1941,1171,214
947,4,1942,1282,251
948,5,1943,1342,260
941,3.5,1944,1297,257
942,2.5,1945,1191,219
944,1,1946,1294,255
945,1.5,1947,1304,255
946,1,1948,1141,212
955,3,1949,1706,295
954,3,1950,1744,301
958,5,1951,1725,300
956,3,1952,1759,311
959,3,1953,1865,325
957,2,1954,1864,327
471,5.5,1955,6001,532
963,1.5,1956,1866,321
960,3,1957,1779,318
962,4,1958,1772,314
961,1,1959,1768,316
965,3,1960,1800,329
964,3,1961,1886,332
970,4,1962,1790,325
914,3,1963,1846,335
916,3,1964,1857,341
917,3,1965,1915,351
924,3,1966,1858,347
3462,2.5,1967,1656,298
937,3,1968,1621,294
3461,2,1969,1583,287
939,1,1970,1672,300
940,3.5,1971,1766,327
936,5,1972,1893,344
938,3,1973,1804,335
971,4,1974,2054,350
973,2.5,1975,1932,338
974,2.5,1976,1738,322
972,3,1977,1861,329
977,1,1978,1497,270
975,3,1979,1533,280
976,2,1980,1316,272
980,4,1981,1690,305
978,1,1982,1546,278
979,3,1983,1535,313
981,3,1984,1763,303
982,2.5,1985,1776,317
951,3,1986,1620,295
952,3,1987,1672,306
953,4,1988,1606,297
969,6,1989,2774,207
3385,2.5,1990,5188,576
3343,2,1991,4849,539
3346,2,1992,5193,576
3336,1,1993,4473,534
3341,3,1994,4965,548
3344,1,1995,5612,561
3338,1,1996,4801,529
3348,1,1997,5173,565
3350,1,1998,4917,555
3342,3,1999,4758,521
3585,1,2000,5258,585
3586,1,2001,5269,589
990,2,2002,5200,344
991,3.5,2003,4656,568
988,3,2004,4177,488
995,1.5,2005,4218,498
996,3,2006,6059,634
997,3.5,2007,5716,680
998,2.5,2008,5943,707
994,3,2009,5043,301
993,2,2010,5383,510
985,2,2011,4056,457
987,1,2012,5521,378
989,2,2013,5100,319
1008,8,2014,5601,559
1000,2,2015,4568,497
1002,3.5,2016,5289,594
1001,4,2017,4952,557
1004,2,2018,5424,615
1005,1.5,2019,6190,644
1007,4,2020,6121,667
1006,1.5,2021,6123,675
992,6,2022,2793,217
1014,5,2023,3881,392
1428,5,2024,5907,608
1430,4.5,2025,5442,599
1427,5,2026,6387,684
1431,10,2027,4900,559
1429,6,2028,5009,555
1432,4.5,2029,5490,604
1424,1,2030,6299,659
1423,2,2031,6356,670
1425,1.5,2032,5521,638
1426,4.5,2033,6293,663
1576,6,2034,4976,604
1562,1,2035,4117,502
1560,1,2036,3882,478
1561,4,2037,4085,482
1565,4,2038,3972,496
1559,1.5,2039,4510,510
1564,1,2040,4347,516
1558,1,2041,4204,512
1568,1,2042,3741,471
1567,1,2043,4169,509
1566,2,2044,4123,491
1438,1.5,2045,4589,505
1439,3,2046,4279,521
1440,3,2047,4135,515
1437,1,2048,4455,484
1434,6,2049,4451,492
1435,3,2050,4455,491
1436,3,2051,4602,528
1579,1.5,2052,4368,637
1578,1,2053,4542,635
1580,1,2054,4424,587
1577,7,2055,4549,632
3576,3,2056,4350,607
1587,1,2057,4150,616
1583,3,2058,4432,644
1584,2.5,2059,4290,583
1585,2,2060,4223,633
1586,2,2061,4466,654
1581,4,2062,4175,629
1582,3.5,2063,4452,657
1521,3.5,2064,5114,867
1520,7,2065,5131,867
1522,13,2066,5041,839
1601,1.5,2067,4379,599
1602,3,2068,4339,588
1449,2,2069,3915,507
1450,1,2070,3802,489
1451,3,2071,4001,507
1621,4,2072,4180,621
1622,6,2073,4388,606
1573,4,2074,4200,476
1570,1,2075,4090,467
1574,1,2076,3917,509
1572,1,2077,3900,507
1575,4,2078,3726,457
1571,4,2079,3939,465
3485,4,2080,4094,473
1569,4,2081,4235,485
1599,1,2082,3218,428
1600,5,2083,3361,434
1594,3,2084,3632,426
1597,3.5,2085,3409,434
1598,2,2086,3225,428
1596,6,2087,3609,420
1595,6,2088,3312,428
1459,1,2089,3477,442
1455,4,2090,3566,400
1456,4,2091,3517,398
1457,1.5,2092,3500,446
1458,4,2093,3444,450
1501,6,2094,3435,456
1502,6,2095,3454,447
1497,6,2096,3410,449
1498,6,2097,3414,452
1499,5,2098,3413,450
1500,6,2099,3455,462
1654,2,2100,3363,403
1660,1,2101,3320,415
1656,2,2102,3370,418
1657,2,2103,3443,432
1665,4,2104,2805,342
1661,4,2105,2827,338
1662,4,2106,3256,379
1663,2,2107,2904,346
1664,3,2108,3240,370
1623,2.5,2109,3622,431
1624,2,2110,3149,421
1625,1.5,2111,3419,415
1508,4,2112,2947,372
1509,5,2113,2585,388
1505,4,2114,2944,372
1506,2,2115,2444,363
1504,4,2116,3233,435
1507,2,2117,2428,355
1513,1,2118,3342,399
1514,1,2119,2558,387
1515,2,2120,2561,392
1510,3,2121,2650,379
1511,3,2122,2905,396
1512,1.5,2123,3292,398
1454,3,2124,2342,275
1671,2.5,2125,2423,264
1670,1,2126,2415,260
1675,2,2127,2405,252
1672,4,2128,2449,276
1673,3,2129,2417,267
1674,3,2130,2782,316
1460,3,2131,3104,366
1461,3.5,2132,2782,314
1462,2,2133,3508,431
1463,3.5,2134,2809,309
1465,2,2135,3483,434
1464,2,2136,3456,431
1466,3,2137,2350,261
1468,2,2138,2347,283
1467,2,2139,2916,332
1470,2,2140,2380,290
1471,3,2141,3024,346
1472,1,2142,2906,331
1469,1,2143,2874,320
1473,1.5,2144,3013,330
1479,4,2145,3231,379
1478,4,2146,3133,376
1474,3,2147,2957,332
1485,1,2148,2335,282
1475,2,2149,3211,369
1477,4,2150,3024,343
1476,1,2151,3252,365
1481,3,2152,3020,334
1484,4,2153,3186,352
1486,1,2154,3150,355
1480,3,2155,2939,322
3520,1,2156,3175,362
1483,2,2157,2496,302
1482,2,2158,2512,306
1609,1,2159,2019,362
1607,4,2160,1624,294
1606,3,2161,1456,303
1616,3,2162,1444,305
1612,3,2163,2380,322
1620,1.5,2164,2309,322
1604,2,2165,2197,370
1610,1,2166,1456,302
1611,4,2167,1989,348
1613,2,2168,1549,322
1608,1,2169,1945,333
1614,4,2170,1487,305
1619,1,2171,2006,363
1617,2,2172,2348,338
1618,3,2173,1553,313
1694,3,2174,2320,273
1692,1,2175,2333,253
1695,1,2176,2283,237
1693,3,2177,2406,266
1524,9,2178,4806,771
1525,8,2179,5174,851
1528,1,2180,3337,560
1526,2.5,2181,5038,833
1523,1,2182,3092,545
1529,2.5,2183,5260,876
1531,6,2184,4339,667
1527,2.5,2185,3299,568
1530,1,2186,3717,605
1632,6,2187,1603,282
3508,3,2188,1353,287
1605,3,2189,1625,287
1636,3,2190,1510,266
1603,3,2191,1644,290
1627,3,2192,1438,267
1615,3,2193,1604,283
1630,3,2194,1604,290
1633,3,2195,1608,286
1635,3,2196,1291,282
1797,1.5,2197,1420,210
1795,2,2198,1439,223
1796,1,2199,1441,220
1697,2,2200,2306,241
1700,5,2201,1497,225
1701,1,2202,2391,259
1696,2,2203,1470,222
1698,1.5,2204,1488,232
1699,1,2205,2332,248
1703,2,2206,2407,263
1702,1.5,2207,1498,236
1798,2,2208,1420,210
1799,2,2209,1453,218
1802,1,2210,1473,215
1803,3,2211,1478,217
1801,2,2212,1492,223
1800,1,2213,1482,218
1805,2,2214,2287,234
1804,2,2215,2312,239
1653,2,2216,1320,256
1626,3,2217,1595,269
1628,3,2218,1587,262
1629,3,2219,1593,267
1631,3,2220,1578,262
1634,3,2221,1597,270
1652,6,2222,1569,252
3537,1,2223,1458,204
1707,2,2224,1451,202
1708,2,2225,1391,203
1709,1,2226,1340,198
1711,1.5,2227,1343,199
1712,1,2228,1420,207
1713,1,2229,1401,206
1710,1,2230,1447,206
1705,1,2231,1337,196
1706,2,2232,1455,205
1704,1,2233,1389,200
1669,3,2234,1024,175
1715,4,2235,814,143
1714,2,2236,836,149
1403,1,2237,5456,824
1405,4,2238,6204,860
1404,4,2239,6684,829
1398,5,2240,6278,810
1399,6,2241,5530,847
1401,4,2242,6551,818
1402,4,2243,6187,852
1400,4,2244,6198,858
1410,3.5,2245,5853,699
1417,3.5,2246,5249,698
1411,4.5,2247,6278,793
1415,4,2248,5914,712
1412,5,2249,6865,763
1413,3.5,2250,5614,754
1414,3.5,2251,6946,794
1416,2.5,2252,5615,756
1418,3.5,2253,5337,701
1419,4.5,2254,6920,781
1655,4,2255,5724,417
1659,3.5,2256,5816,439
1658,5,2257,5557,383
1553,2.5,2258,5002,625
1556,3,2259,6009,412
1555,3.5,2260,4853,636
1557,5,2261,5973,465
1554,6,2262,4525,655
1666,5,2263,5692,347
1668,4,2264,5168,322
1667,5,2265,5490,367
2220,10,2266,3503,207
2215,7,2267,2176,176
2852,3,2268,2181,186
2221,9,2269,2263,186
2314,6,2270,8644,482
2317,3,2271,7441,412
2318,3,2272,6908,389
2316,3,2273,7498,417
2224,15,2274,7415,382
2223,6,2275,8563,494
2313,12,2276,9086,640
3476,8,2277,9412,650
2228,8,2278,7546,391
2230,7,2279,8978,591
3474,6,2280,9224,640
2319,9,2281,8531,644
2227,8,2282,8474,510
2235,8,2283,6761,268
2236,4,2284,8490,465
2240,4,2285,7894,374
2248,6,2286,9100,497
3472,4,2287,9924,627
2226,7,2288,9322,607
2225,3,2289,9102,640
2734,3,2290,9510,615
2237,4,2291,7960,340
2247,4,2292,8956,483
2251,8,2293,8741,438
2229,4,2294,8771,590
3424,6,2295,8873,568
2256,9,2296,8510,396
2252,4,2297,8428,368
2233,3,2298,9453,591
2234,10,2299,9247,579
2232,3,2300,8779,561
2242,3,2301,8959,561
2261,9,2302,5827,254
2246,7,2303,8628,410
2255,3,2304,7828,312
3674,5,2305,7642,381
3675,5,2306,8367,463
2798,1,2307,6078,428
2258,8,2308,6922,448
2245,10,2309,8346,541
2792,3,2310,6143,439
824,3,2311,5597,357
3574,2,2312,3986,267
822,6,2313,4096,283
2263,8,2314,5765,247
2264,3,2315,6888,346
2249,6,2316,7702,482
2262,4,2317,7068,466
2271,10,2318,4790,287
2276,8,2319,5559,358
2265,6,2320,6440,372
2266,4,2321,5850,335
3423,10,2322,6688,437
2796,3,2323,6328,451
2280,10,2324,5314,277
2279,4,2325,5278,333
2267,3,2326,4894,454
2268,3.5,2327,5806,455
2254,5,2328,5782,447
2269,3,2329,4785,453
2270,2.5,2330,5816,460
2281,4,2331,4518,317
2282,3,2332,4633,336
2283,6,2333,5026,349
2326,3,2334,4116,284
2284,6,2335,4698,329
2320,3,2336,4092,282
2321,3,2337,4359,300
2325,3,2338,4222,288
2322,6,2339,4223,289
2323,3,2340,4275,294
2324,3,2341,4342,296
2250,6,2342,5856,435
2292,3,2343,6115,560
2293,3,2344,5797,554
2294,3,2345,5798,553
3381,4,2346,5870,554
2296,2,2347,6560,518
2285,11,2348,6349,519
338,6,2349,5165,486
2297,4,2350,4921,482
2287,6,2351,6160,430
2302,3,2352,7982,482
2304,3,2353,7912,477
2307,3,2354,6947,435
2300,6,2355,7798,469
2312,4,2356,7082,585
2309,4,2357,8248,638
2310,4,2358,6756,577
2298,8,2359,8120,623
2311,6,2360,7301,591
1932,2,2361,1822,287
1933,2,2362,1880,290
2211,2,2363,1864,293
1934,2,2364,1879,288
1935,2,2365,1901,281
1946,3,2366,1693,252
1947,7,2367,1551,240
1914,2,2368,1693,245
1915,2,2369,1700,244
1883,2,2370,1748,255
1909,2,2371,1755,250
1911,2,2372,1788,253
1950,5,2373,2312,351
3416,2,2374,1914,354
3417,2,2375,2031,350
1885,4,2376,1821,210
1887,3,2377,1609,186
1893,3,2378,1595,182
1891,3,2379,1385,183
1892,5,2380,1169,130
1890,3,2381,1940,261
1888,1,2382,1198,160
1889,4,2383,1952,264
1894,4,2384,1949,241
3393,2,2385,2163,326
3467,2,2386,2304,395
3466,2,2387,2192,299
3455,1,2388,2415,447
3406,3,2389,2245,355
3444,7,2390,2261,397
3396,6,2391,2330,388
3400,4,2392,2244,356
3403,3,2393,2306,360
1963,6,2394,2230,326
3405,2,2395,2278,365
1904,4,2396,1929,255
1907,3,2397,1828,244
1905,3,2398,1895,246
1906,3,2399,2014,274
1916,3,2400,2101,305
1919,3,2401,2983,279
1913,3,2402,1973,283
1918,4,2403,2956,268
1912,3,2404,3015,294
1908,3,2405,2966,274
1910,7,2406,3145,316
1920,3,2407,2967,275
1922,2,2408,2927,265
1923,3,2409,2815,236
1917,3,2410,2899,257
1921,3,2411,3039,298
1924,3,2412,2997,282
1928,4,2413,2968,260
1929,4,2414,2768,218
1926,3,2415,2888,252
1925,4,2416,2898,253
1927,5,2417,2893,247
1930,4,2418,2787,228
1931,3,2419,3037,285
3443,8,2420,2325,431
3460,1,2421,2412,441
173,10,2422,1793,389
3428,10,2423,2336,443
3447,1,2424,2581,439
3438,1,2425,2350,463
3441,1,2426,2338,473
3430,3,2427,2432,480
3434,3,2428,2390,468
3436,3,2429,2508,490
3440,1,2430,2364,478
3437,3,2431,2333,473
3407,5,2432,1958,398
3408,7,2433,1988,387
163,8,2434,2506,485
3409,5,2435,2056,396
3435,3,2436,2534,487
3431,1,2437,2500,495
3432,2,2438,2460,489
139,5,2439,1873,398
143,2,2440,1992,389
3442,1,2441,2476,477
140,7,2442,1876,401
3439,2,2443,2485,480
166,2,2444,2671,502
3395,3,2445,2293,395
3394,3,2446,2416,424
3392,2,2447,2327,389
3404,2,2448,2255,352
1978,1,2449,2717,506
3448,1,2450,2489,433
3457,1,2451,2219,350
3391,2,2452,2353,374
1981,4,2453,2660,501
1979,1,2454,2894,511
3449,4,2455,2434,453
3450,2,2456,2382,445
3451,2,2457,2474,441
1982,4,2458,2873,507
2061,3,2459,3793,304
2072,10,2460,3753,291
2074,6,2461,3656,308
1949,3,2462,4003,526
1987,2,2463,4726,558
1989,2,2464,4830,572
1990,3,2465,4834,579
1991,2,2466,4948,573
1993,3,2467,3304,576
1995,3,2468,4906,581
1994,2,2469,4962,582
1992,6,2470,3316,580
2002,3,2471,4853,552
2003,2,2472,4772,550
1988,2,2473,4851,564
1996,3,2474,4902,566
1997,2,2475,4976,569
2001,3,2476,4811,556
2000,3,2477,4935,573
1999,3,2478,4813,553
1998,2,2479,4902,559
3522,2,2480,4825,553
1965,5,2481,3938,615
1964,4,2482,3990,613
1966,2,2483,3871,608
1967,2,2484,3888,607
1968,4,2485,3952,612
1962,8,2486,3966,613
1969,5,2487,4077,621
2005,3,2488,4024,613
2004,5,2489,3827,606
2009,4,2490,4279,618
2013,5,2491,4195,622
1970,7,2492,4133,614
2011,4,2493,4335,621
2016,4,2494,4099,620
2015,4,2495,4053,619
2017,5,2496,4131,624
2014,7,2497,4155,619
2214,3,2498,3563,583
2209,3,2499,3383,571
2210,2,2500,3433,579
2213,3,2501,3429,582
2024,3,2502,3370,564
2021,4,2503,4958,573
2023,6,2504,5006,575
2025,4,2505,4908,559
2032,3,2506,4763,575
2027,2,2507,4183,490
2030,4,2508,4616,553
2022,4,2509,4966,579
2029,3,2510,3348,564
2028,2,2511,4236,488
702,8,2512,3552,578
2031,3,2513,3343,560
2033,8,2514,4900,550
2046,4,2515,4632,669
3563,3,2516,4647,557
2212,4,2517,4900,539
2019,3,2518,4378,520
2020,2,2519,4377,520
2018,2,2520,4530,540
2034,6,2521,4202,611
3644,5,2522,4261,621
3645,4,2523,4269,616
3646,6,2524,4234,622
3643,4,2525,5702,871
3652,3,2526,4436,624
3641,5,2527,4943,723
3642,4,2528,4976,751
3647,4,2529,4054,631
3648,3,2530,4337,612
3649,4,2531,4365,615
2048,7,2532,4337,610
3651,4,2533,4137,612
3650,5,2534,4145,616
2049,8,2535,4276,616
3761,3,2536,4338,633
2052,3,2537,4655,697
2051,4,2538,4605,663
223,4,2539,3036,339
3503,2,2540,3808,320
1961,3,2541,2968,343
1953,6,2542,1947,330
1954,4,2543,3726,342
1957,4,2544,3178,340
1958,6,2545,1828,305
1960,4,2546,3121,341
1959,4,2547,3437,343
1956,4,2548,2745,351
1951,6,2549,3810,312
3505,2,2550,2680,347
3504,2,2551,3159,340
2715,4,2552,3800,333
2179,15,2553,4172,402
2178,3,2554,3783,326
2181,3,2555,3751,330
2182,6,2556,3869,347
2185,6,2557,3710,322
3388,2,2558,4851,492
2716,7,2559,4894,494
2720,2,2560,4488,481
2723,2,2561,4367,495
2724,2,2562,4572,473
2722,2,2563,4183,489
2166,3,2564,1962,328
2164,4,2565,2214,332
2167,3,2566,1926,321
2163,3,2567,2189,336
2165,3,2568,1617,314
2207,3,2569,2421,338
1901,4,2570,1544,238
1902,4,2571,1561,239
1896,3,2572,1559,240
2173,6,2573,2071,434
2172,2,2574,2028,399
2171,2,2575,1997,393
3536,2,2576,2383,355
2168,6,2577,2378,352
2169,6,2578,1903,366
2170,3,2579,2506,381
2143,2,2580,1478,283
2159,2,2581,1541,300
2160,1,2582,1527,300
2162,4,2583,1574,311
2144,3,2584,1497,284
2158,1,2585,1572,308
2161,2,2586,1675,326
2127,2,2587,1417,270
2131,2,2588,1362,253
2132,2,2589,2282,330
2135,2,2590,2329,335
2136,3,2591,2133,305
2139,2,2592,2287,329
2140,2,2593,2277,326
2141,2,2594,2343,336
2125,2,2595,1325,243
2128,1,2596,2090,294
2129,2,2597,2344,328
2130,2,2598,2220,328
2154,14,2599,2032,286
2137,2,2600,2335,334
2124,2,2601,1388,261
2126,2,2602,1467,279
2133,2,2603,2286,333
3721,2,2604,2447,335
1133,2,2605,3111,341
1138,8,2606,2433,336
3884,1.422,2607,3006,349
3885,4.254,2608,2992,347
3886,1.305,2609,3000,349
3887,2.625,2610,2974,346
3888,2.746,2611,2966,342
3377,8,2612,2422,333
2155,2,2613,1923,261
2134,6,2614,1829,243
2146,2,2615,1387,186
2138,2,2616,1329,173
2149,2,2617,1304,233
2145,2,2618,2158,296
2147,2,2619,2164,294
2152,2,2620,2175,288
2153,2,2621,1266,224
2157,2,2622,1934,264
2148,2,2623,1471,208
2151,2,2624,1342,252
3482,2,2625,1253,157
2150,2,2626,2163,297
2156,2,2627,2058,279
3547,2,2628,1308,164
3548,2,2629,1251,155
2100,2,2630,1809,224
2113,2,2631,1864,231
2120,4,2632,1247,153
2109,2,2633,1342,175
2111,5,2634,1741,215
2107,2,2635,1897,239
2108,2,2636,1361,181
2099,2,2637,1759,218
2101,2,2638,2078,272
2102,2,2639,2063,269
2103,2,2640,2085,269
2105,2,2641,1444,202
2106,2,2642,2006,209
2104,2,2643,1924,245
2114,2,2644,1772,222
2115,2,2645,1332,170
2116,2,2646,1795,223
2117,2,2647,2055,264
2118,2,2648,1408,192
2119,2,2649,1766,220
2121,2,2650,1962,256
2122,2,2651,1884,233
2110,2,2652,1961,253
2112,2,2653,1769,218
3545,2,2654,1403,191
2093,3,2655,2256,390
2094,3,2656,2096,329
2087,3,2657,2179,328
2088,3,2658,2170,376
2090,3,2659,2191,379
2091,3,2660,2132,322
2092,2,2661,2150,365
1877,6,2662,2176,315
2095,2,2663,2096,301
2097,2,2664,2119,290
2098,3,2665,2153,314
2096,2,2666,2210,291
3552,1,2667,2549,405
2076,3,2668,2505,402
2077,2,2669,2541,403
2078,4,2670,2317,363
2079,4,2671,2524,405
2080,3,2672,2547,413
2081,3,2673,2222,379
2075,3,2674,2531,414
3521,4,2675,2521,406
2331,2,2676,3058,557
2332,4,2677,2457,527
3633,2,2678,2266,496
3632,2,2679,2406,527
2330,4,2680,2427,532
2071,4,2681,2332,503
2062,3,2682,2066,451
2064,2,2683,1941,430
2063,2,2684,1735,388
2065,3,2685,2202,475
2066,3,2686,1849,418
2069,2,2687,2014,439
2070,3,2688,1727,388
2073,2,2689,1807,403
2067,4,2690,1982,440
2068,2,2691,2259,499
3459,2,2692,2079,449
2045,6,2693,2680,425
2039,3,2694,2512,423
2035,3,2695,2436,412
2038,4,2696,2634,410
2040,2,2697,2732,408
2042,6,2698,2693,423
2007,4,2699,3522,529
2010,3,2700,3566,543
2006,4,2701,3677,663
2008,4,2702,3613,645
2012,4,2703,3910,599
1536,4,2704,4997,406
2082,4,2705,4845,429
2083,4,2706,3405,492
2085,4,2707,4882,393
2084,6,2708,4915,447
1983,4,2709,3681,559
1985,4,2710,3769,569
2329,3,2711,3559,633
3565,4,2712,3667,647
1986,4,2713,3840,575
1984,4,2714,3846,579
1834,4,2715,3682,544
2053,8,2716,5110,496
2054,2,2717,3586,518
2055,4,2718,5155,504
2056,6,2719,5186,447
2059,4,2720,5301,477
2060,4,2721,5005,484
2057,4,2722,5278,474
2176,4,2723,2199,480
2177,6,2724,2295,509
3386,3,2725,1782,399
2531,4,2726,2629,497
2142,6,2727,2142,447
2183,6,2728,2210,454
2186,3,2729,3310,574
2187,6,2730,2577,553
2188,3,2731,2544,542
2192,6,2732,2567,510
2191,3,2733,2908,536
2189,6,2734,3560,570
2190,6,2735,2770,534
2194,5,2736,1870,391
2193,6,2737,1724,353
1955,3,2738,1751,364
2333,6,2739,2189,476
2196,2,2740,2382,528
2197,2,2741,2515,540
2198,2,2742,1878,410
2199,6,2743,2093,444
2202,2,2744,1957,435
2203,2,2745,1984,444
2123,5,2746,2172,475
2086,2,2747,1934,414
2089,2,2748,1820,390
2175,11,2749,1923,412
2174,3,2750,2000,427
1729,9,2751,2108,225
1782,1,2752,2799,283
1784,8,2753,2821,286
1783,1.5,2754,2787,279
1785,1,2755,2815,282
1786,2,2756,2823,287
1787,1.5,2757,2796,289
1778,1,2758,3512,211
1779,2,2759,1558,209
1761,2,2760,3512,211
1771,2,2761,1568,211
1764,2,2762,835,209
1766,2,2763,1568,211
1769,1,2764,3512,211
1770,2,2765,1911,230
1780,2,2766,1598,214
1773,2,2767,3512,211
1774,2,2768,1929,235
1775,4,2769,1568,211
1781,2,2770,1568,211
1762,2,2771,841,210
1777,2,2772,1650,217
1759,3,2773,2318,255
1763,2.5,2774,2001,243
1768,2,2775,841,210
1758,2,2776,1568,211
1765,2,2777,3512,211
1767,2,2778,1568,211
1772,2,2779,1568,211
1776,2,2780,841,210
1760,2,2781,1562,210
1789,2,2782,2451,291
1790,1,2783,2474,300
1791,2,2784,2436,293
1788,1,2785,2386,278
1792,1,2786,2487,300
1793,1.5,2787,2404,282
1716,3,2788,3486,410
1717,3,2789,3491,416
1738,4,2790,2902,313
1740,3,2791,2882,308
1741,1.5,2792,2348,277
1743,3,2793,2503,303
1744,1,2794,2399,281
1742,2,2795,2855,295
1737,3,2796,2494,300
1739,2,2797,2949,315
1721,4,2798,3237,356
1718,3,2799,3542,407
1719,2.5,2800,3016,306
1720,4.5,2801,3252,363
1723,7,2802,2917,318
1722,2,2803,3102,338
1724,1,2804,2912,317
1725,1,2805,2915,319
1726,2,2806,2418,298
1639,5,2807,4735,251
1651,5,2808,2813,295
1638,5,2809,5438,297
1645,3,2810,4730,249
1641,5,2811,5051,281
1647,5,2812,4286,232
1646,5,2813,2764,296
1648,5,2814,4694,240
1649,3,2815,4902,265
1644,7,2816,5209,310
1757,5,2817,4239,212
1752,5,2818,4242,214
1756,4,2819,4239,212
1753,4,2820,4243,215
1755,5,2821,1568,211
1754,4,2822,4245,217
1749,4,2823,4786,244
1745,4,2824,2516,256
1746,4,2825,2666,269
1748,4,2826,4643,224
1750,4,2827,2579,263
1747,4,2828,4804,244
1751,4,2829,4741,236
2479,8,2830,5631,533
3579,6,2831,5355,514
2487,2,2832,5684,623
2490,2,2833,6275,629
2489,2,2834,5747,626
2491,7,2835,5822,603
2492,2,2836,5828,631
2345,7,2837,4612,532
2348,6,2838,3008,392
2349,2,2839,3645,470
2350,7,2840,3611,463
2351,6,2841,2885,379
1806,2,2842,6240,566
2352,8,2843,6158,570
2358,4,2844,5606,530
2362,4,2845,5720,525
562,2,2846,3170,437
2357,5,2847,3103,421
2355,5,2848,2845,377
2354,5,2849,2813,375
2363,5,2850,6282,514
2361,2,2851,3832,436
2356,2,2852,4945,479
2353,4,2853,3854,441
2360,4,2854,3453,416
2364,10,2855,6737,547
2366,11,2856,4837,432
2367,2,2857,5826,414
2365,6,2858,3928,408
2381,6,2859,2127,206
3558,1,2860,2042,221
3557,2,2861,2005,213
2368,5,2862,3514,220
2371,6,2863,3198,205
2372,6,2864,2978,193
2369,7,2865,3075,227
2370,4,2866,3090,233
2373,7,2867,2848,238
2375,4,2868,1995,211
2374,4,2869,2751,251
2334,2,2870,2016,215
2376,5,2871,2539,267
2377,4,2872,2413,267
2380,4,2873,2488,284
2379,4,2874,2434,285
2378,2,2875,2634,299
2383,2,2876,2586,297
2385,2,2877,2625,304
2384,4,2878,3194,269
2335,2,2879,1948,310
2386,5,2880,2941,284
2387,2,2881,2641,303
2388,6,2882,2214,301
2389,19,2883,2155,290
61,3,2884,3881,246
2418,5,2885,3711,238
2417,6,2886,3461,211
2421,6,2887,2001,189
2453,5,2888,2040,184
2398,4,2889,2769,230
2395,4,2890,2760,216
2399,8,2891,2358,178
2396,4,2892,2748,210
2397,4,2893,2846,226
2393,4,2894,2702,223
2391,3,2895,2237,166
2403,3,2896,3521,265
2400,3,2897,3686,264
2401,3,2898,3390,221
2402,3,2899,3459,250
2404,3,2900,3476,246
2405,3,2901,3398,249
2407,8,2902,3059,197
2409,3,2903,3441,270
2410,3,2904,3568,280
2414,8,2905,3993,286
2411,6,2906,3695,210
2415,8,2907,4000,289
2416,3,2908,3878,248
2420,7,2909,3835,236
2422,4,2910,3997,303
2424,4,2911,3933,278
2425,4,2912,4063,299
2423,4,2913,4021,286
3538,2,2914,3886,324
2429,4,2915,3840,325
2432,8,2916,3652,256
2428,4,2917,3688,301
2430,4,2918,3498,249
2434,4,2919,3541,261
2427,4,2920,3738,308
2435,8,2921,3732,295
2455,6,2922,5257,428
2456,5,2923,5161,388
2437,3,2924,6246,567
2438,4,2925,4597,341
2457,3,2926,5781,490
2458,5,2927,5854,482
2460,6,2928,6947,571
2461,6,2929,6656,568
2459,6,2930,6911,555
2875,6,2931,5825,467
3540,3,2932,5505,472
2449,3,2933,4832,443
2452,3,2934,5388,485
2451,3,2935,4676,421
2450,6,2936,5338,487
2776,6,2937,5672,419
2779,8,2938,6558,506
2295,6,2939,7746,584
2277,8,2940,5859,396
2308,3,2941,7179,429
2299,3,2942,7251,422
2278,8,2943,5367,357
2273,6,2944,5628,381
2301,3,2945,7118,420
2306,3,2946,7223,428
2274,6,2947,5941,343
2275,6,2948,5580,327
2290,4,2949,5006,273
2288,6,2950,4798,266
3623,4,2951,4637,247
2286,4,2952,3730,226
2289,6,2953,4460,240
2464,4,2954,4035,222
2465,4,2955,4033,223
2462,3,2956,3270,196
2463,3,2957,3333,201
2473,6,2958,5942,623
2474,2,2959,5871,634
2466,2,2960,5794,628
2468,3,2961,5776,627
2470,7,2962,6041,630
2471,2,2963,5807,631
2467,3,2964,5925,596
2469,2,2965,5898,641
2475,3,2966,5720,586
2476,13,2967,5452,523
2499,6,2968,4042,414
2494,5,2969,2989,184
2495,6,2970,2709,148
2496,10,2971,4182,319
2497,12,2972,4243,352
3662,2,2973,5178,436
3663,2,2974,5189,443
3665,6,2975,5143,425
3666,3,2976,5341,467
3659,4,2977,4551,345
3660,4,2978,4470,333
3657,6,2979,4425,327
3658,3,2980,4977,424
3661,2,2981,5012,413
3664,3,2982,5254,467
3655,6,2983,3896,306
3656,4,2984,4579,404
62,9,2985,2427,181
2630,4,2986,4941,517
2631,8,2987,5500,544
2633,5,2988,4914,514
2632,8,2989,5471,529
2636,3,2990,4978,533
2634,2,2991,4992,529
2635,3,2992,5248,543
3419,10,2993,5245,519
341,4,2994,5538,551
343,6,2995,5073,474
335,4,2996,5708,548
336,4,2997,5353,529
3618,2,2998,5903,555
3387,2,2999,4499,488
2815,3,3000,4719,496
2814,2,3001,4502,470
2816,2,3002,4526,499
2817,2,3003,3985,506
2868,5,3004,4009,529
2827,8,3005,4304,452
2828,4,3006,4100,480
2826,2,3007,4194,457
2818,4,3008,4429,456
2820,4,3009,4364,443
2821,4,3010,4001,438
2822,4,3011,4390,423
2830,4,3012,4336,432
2837,2,3013,4678,445
2838,2,3014,4295,470
2839,2,3015,4407,469
2840,2,3016,4569,465
2834,2,3017,4561,440
2832,2,3018,4585,441
2833,2,3019,4668,445
2836,2,3020,4615,461
2835,3,3021,4603,451
2713,3,3022,3996,422
2673,6,3023,8121,631
2675,4,3024,4966,543
2680,15,3025,7359,599
2683,4,3026,8649,646
2674,4,3027,6229,555
2677,6,3028,5764,539
2678,4,3029,7495,608
2681,3,3030,5353,539
2679,3,3031,7794,630
2682,4,3032,4843,529
2676,4,3033,4924,541
2866,4,3034,3356,505
2867,4,3035,3357,501
2869,3,3036,3486,502
2881,4,3037,3677,508
2879,4,3038,3689,515
2880,4,3039,5057,519
2883,5,3040,4425,527
2882,4,3041,4039,525
2688,4,3042,5714,541
2698,3,3043,7386,576
2696,6,3044,7488,584
2695,8,3045,7474,585
2697,4,3046,7109,571
2700,3,3047,7237,573
2687,4,3048,5940,534
2693,6,3049,6372,520
2694,4,3050,6493,535
2706,7,3051,6819,530
2705,6,3052,6682,525
2728,4,3053,6756,530
2738,4,3054,8304,589
2726,4,3055,7125,549
2727,4,3056,6712,534
2742,3,3057,8766,646
2743,4,3058,8094,604
2739,7,3059,8498,645
2740,4,3060,7865,595
2725,6,3061,6756,536
2741,4,3062,7931,609
2737,6,3063,9086,653
3473,8,3064,9376,632
2736,3,3065,9725,646
2755,10,3066,9166,597
2753,4,3067,8903,588
2750,4,3068,9437,651
2751,4,3069,9177,602
3477,6,3070,9735,649
2735,3,3071,7704,551
2754,4,3072,8070,560
2752,6,3073,9719,619
2758,4,3074,7454,520
2759,8,3075,6921,507
2760,3,3076,6278,498
2761,2,3077,8222,537
2777,6,3078,4308,260
2771,4,3079,5809,478
2774,3,3080,5737,488
2772,3,3081,6197,488
2770,4,3082,5604,466
2773,2,3083,6468,505
2775,3,3084,6334,497
2769,4,3085,5313,460
2768,4,3086,4718,443
2790,4,3087,4877,433
2788,4,3088,4724,427
2783,4,3089,4669,424
2784,1,3090,5752,459
2786,4,3091,5547,450
2787,4,3092,5308,438
2781,3,3093,5471,450
2789,4,3094,4518,412
2785,3.5,3095,6682,508
2780,4,3096,5436,444
2892,3,3097,3010,320
2891,3,3098,2995,334
2889,3,3099,2820,330
2890,3,3100,3156,352
2887,4,3101,2779,331
2888,3,3102,3111,327
2895,6,3103,3181,346
2893,6,3104,3268,358
2897,6,3105,3438,361
2898,6,3106,3526,375
2899,6,3107,3447,364
2896,6,3108,3424,359
2894,7,3109,3305,363
3626,4,3110,4370,415
2793,3,3111,4282,409
2794,1,3112,5353,443
2795,10,3113,4802,435
2797,3,3114,4462,420
2672,5,3115,3066,338
2804,3,3116,4476,418
2803,4,3117,4413,415
2805,4,3118,4969,434
2806,3,3119,4633,426
2327,4,3120,4739,436
2684,8,3121,3446,340
2809,9,3122,4113,415
2810,3.5,3123,4054,416
2689,5,3124,2575,292
2691,4,3125,2311,268
2692,4,3126,2370,278
2690,4,3127,2444,283
2811,4,3128,2938,340
2812,3,3129,2936,339
2813,3,3130,3017,351
2704,4,3131,2009,239
2701,4,3132,2165,247
2702,5,3133,2271,258
2703,4,3134,2056,245
2857,4,3135,2404,215
2860,4,3136,2524,212
2861,4,3137,2882,270
2862,4,3138,2589,218
2855,6.5,3139,2884,259
2856,2,3140,2723,236
2854,3,3141,2923,256
2853,3.5,3142,2702,231
2858,4,3143,2926,265
2707,3,3144,2913,121
2710,3,3145,2872,108
2709,4,3146,2983,113
2708,3,3147,2867,97
2732,2.5,3148,3558,104
2729,5,3149,2961,95
2730,5,3150,2967,98
2731,6,3151,4327,127
2864,8,3152,4325,266
2865,13,3153,4141,243
3389,7,3154,4561,223
3561,2,3155,3690,152
3560,7,3156,2980,148
2749,8,3157,3799,190
2745,4,3158,4643,250
2744,6.5,3159,3647,136
2746,1,3160,3119,196
2747,1,3161,4571,228
2748,1,3162,3068,175
2756,10,3163,4732,277
2757,2,3164,4778,255
2765,3,3165,1449,264
2764,1,3166,1447,262
2763,2,3167,1403,264
2762,1,3168,1445,263
2767,3,3169,1543,272
2766,7,3170,1187,253
1817,10,3171,677,198
1816,3,3172,610,186
2799,2,3173,1322,287
2791,3,3174,1368,297
2801,3,3175,1427,305
2800,2.5,3176,1354,289
2802,3,3177,1471,308
2807,3,3178,1049,183
2808,10,3179,1111,186
842,20,3180,576,65
2870,4,3181,4626,327
2872,4,3182,4545,321
2873,4,3183,4602,323
2874,4,3184,4670,330
2871,4,3185,4583,318
2877,3,3186,4586,300
2878,7,3187,4103,297
3598,3,3188,4386,321
2876,6,3189,4524,345
2884,3,3190,5203,435
2885,5,3191,5116,401
2886,6,3192,5215,417
2971,4,3193,2793,324
2972,3,3194,2637,318
2975,3,3195,2237,318
2976,2,3196,3083,341
2974,3,3197,2664,327
2973,7,3198,2909,329
2568,6,3199,3006,333
2936,3,3200,2413,334
2934,2,3201,2361,318
2932,2,3202,2315,301
2933,3,3203,2463,347
2935,2,3204,2380,308
2931,7,3205,2357,315
2913,7,3206,2227,317
2911,3,3207,2296,324
2912,2,3208,2152,300
2914,3,3209,2274,332
2944,6,3210,4496,232
2941,2,3211,4512,239
2942,1,3212,4695,246
2943,2,3213,4649,242
2939,2,3214,4578,250
2940,2,3215,5099,243
2938,2,3216,4499,235
2947,3,3217,3794,162
2945,4,3218,3463,271
2953,1,3219,4410,216
2948,4,3220,3559,283
2949,3,3221,3869,179
2950,10,3222,4341,209
2917,3,3223,2125,300
2918,2,3224,2081,318
2920,6,3225,2454,409
2919,6,3226,2430,404
2921,5,3227,2377,404
2930,7,3228,2049,318
2923,7,3229,1940,257
2925,7,3230,2168,304
2926,6,3231,2111,300
2928,7,3232,2080,298
2929,7,3233,2033,281
2924,7,3234,2114,303
2922,7,3235,2324,400
2937,14,3236,1847,232
2957,5,3237,1181,136
2956,2,3238,1251,136
2954,2,3239,1178,135
2955,2,3240,1247,137
2500,2,3241,1431,107
2501,4,3242,1537,128
2966,8,3243,5242,274
2970,2,3244,5193,264
2967,2,3245,5155,254
2968,2,3246,4651,230
2969,8,3247,5043,240
2965,3,3248,4657,239
2964,3,3249,4602,250
2534,2,3250,4666,277
2540,2,3251,5407,317
3367,6,3252,4683,293
3524,1,3253,4889,333
2963,5,3254,4740,335
2961,6,3255,4752,343
3523,1,3256,4781,346
2958,2,3257,4882,331
2960,2,3258,4787,344
2959,2,3259,4750,341
2962,2,3260,4752,341
1258,3,3261,1274,191
1259,20,3262,951,171
1261,1.5,3263,943,166
1257,1.5,3264,938,163
1268,2,3265,888,155
1269,2,3266,951,178
1260,2,3267,944,161
1262,1,3268,930,164
1265,2,3269,927,162
1266,4,3270,996,174
1267,4,3271,1282,184
1263,1,3272,1315,188
1264,1.5,3273,1338,192
3050,4,3274,3677,263
2989,6,3275,3668,263
3034,4,3276,3977,277
3032,4,3277,4184,293
3033,4,3278,4042,279
3044,6,3279,4234,334
3035,3,3280,4174,325
3049,12,3281,4395,395
3038,13,3282,4106,310
3037,4,3283,4327,355
3036,9,3284,3917,267
3478,3,3285,4262,330
3043,4,3286,4353,309
3042,3,3287,4429,314
3039,3,3288,4186,311
3040,3,3289,4443,309
3041,3,3290,4092,304
3045,3,3291,4460,361
3046,3,3292,4622,350
3047,3,3293,4595,359
3458,3,3294,4568,344
3048,3,3295,4382,378
3028,2,3296,4443,356
3029,21,3297,4290,328
3030,4,3298,4141,270
3031,3,3299,4532,331
3026,1,3300,2278,217
3027,4,3301,2345,217
3013,3,3302,2970,248
3014,3,3303,2782,222
3015,3,3304,3138,226
3016,3,3305,2891,226
3023,3,3306,3220,238
3025,3,3307,3210,238
3024,3,3308,3129,223
3020,8,3309,2983,205
3017,8,3310,3080,228
3018,3,3311,3243,247
3019,3,3312,3276,256
3022,3,3313,3152,228
3021,3,3314,3295,261
3009,3,3315,3725,217
3012,3,3316,3866,248
3011,3,3317,3789,238
3010,4,3318,3823,242
3007,4,3319,3881,259
3008,4,3320,3997,275
3004,6,3321,3961,279
3005,6,3322,4019,284
3006,4,3323,3823,241
3002,2,3324,3867,290
3003,4,3325,3903,277
3051,5,3326,3816,270
3110,2,3327,2051,427
3111,3,3328,1849,435
3109,3.5,3329,1895,437
3175,7,3330,2061,427
3176,4,3331,1961,400
3119,2,3332,3289,579
3120,1.5,3333,2576,516
3066,5,3334,3044,566
3706,4,3335,3075,573
3069,3,3336,2392,495
3071,3.5,3337,2555,510
3073,3.5,3338,2740,537
3072,3,3339,2265,487
3075,1,3340,2568,516
3704,4,3341,2736,529
3705,4,3342,2931,549
3068,4,3343,2930,562
3070,1,3344,2897,528
3703,4,3345,2527,513
3701,4,3346,2462,506
3067,3,3347,2624,516
3076,5,3348,3168,572
3074,5,3349,3433,593
3125,3,3350,1925,455
3640,2.5,3351,2189,490
3124,1.5,3352,2476,506
3127,1.5,3353,2029,462
3122,6,3354,2121,470
3123,1,3355,2299,496
3126,1.5,3356,2061,456
3128,3,3357,2192,478
1496,7,3358,5015,480
3094,2,3359,3023,547
3096,3,3360,2949,546
3097,1,3361,2696,542
3092,3,3362,3145,560
3093,1,3363,2675,535
3095,3,3364,3029,552
3113,2,3365,3457,575
3112,4,3366,3911,609
3121,5,3367,4695,745
3384,10,3368,5253,863
3153,5,3369,3919,651
3165,3,3370,4469,730
3154,5,3371,4082,669
3159,5,3372,4286,695
3160,4,3373,4449,729
3161,5,3374,3924,673
3162,1,3375,6502,652
14,2.5,3376,6036,618
3171,3.5,3377,6656,679
3174,4,3378,6164,629
3170,3.5,3379,6858,665
3164,3,3380,4349,708
3166,3,3381,6758,684
3167,2,3382,6413,642
3168,2.5,3383,6803,694
3172,5,3384,4344,710
3173,2,3385,4512,741
3177,3,3386,4937,709
3178,7,3387,4621,727
3090,3,3388,4830,723
3091,3,3389,4508,726
3101,5,3390,4682,694
3100,3,3391,4272,705
3102,3,3392,4636,684
3103,3,3393,4767,706
3098,3,3394,4546,703
3099,3,3395,4691,668
3114,3.5,3396,4488,620
3116,3.5,3397,4505,598
3115,1.5,3398,5131,614
3117,6,3399,4818,627
3118,2,3400,4579,638
3082,1,3401,5249,609
3080,4,3402,5255,850
3087,2,3403,4418,622
3078,2.5,3404,5314,601
3086,1,3405,5162,842
3083,3,3406,5123,800
3084,1,3407,4487,601
3085,4,3408,4462,599
3079,6,3409,5029,667
3081,1,3410,5329,600
3088,6,3411,4972,808
3089,1,3412,5334,815
3148,6,3413,5056,826
3147,1.5,3414,5425,886
1384,2.5,3415,5665,876
3149,2,3416,5760,911
3151,7,3417,5674,900
3150,1,3418,5685,904
3106,6,3419,5479,745
3104,2.5,3420,4976,642
3107,2.5,3421,4945,635
3108,3,3422,4910,629
3105,3.5,3423,4931,628
3152,4,3424,730,148
3129,4,3425,5667,911
3130,4,3426,6964,903
3138,4,3427,6408,928
3133,4,3428,5492,864
3134,4,3429,5645,901
3137,4,3430,5478,865
3136,4,3431,6598,917
3132,4,3432,5614,884
3131,4,3433,6363,911
3135,4,3434,5477,869
3141,6,3435,6647,729
3140,3.5,3436,6538,783
3139,5,3437,6527,722
3142,2,3438,5868,618
3143,4,3439,6363,894
3144,4,3440,6899,859
3146,4,3441,6363,902
3145,4,3442,6243,873
39,3,3443,938,169
3158,4,3444,791,152
3155,3,3445,755,143
3156,4,3446,941,167
3157,7,3447,916,164
3487,4,3448,900,161
1815,10,3449,1093,56
28,5,3450,1155,215
29,2,3451,1072,193
3163,6,3452,1223,150
3911,6,3453,3990,464
3306,2,3454,3859,446
3307,3,3455,4078,485
3357,3.5,3456,2447,312
3361,3,3457,2395,313
3359,2,3458,2455,317
3360,5,3459,2365,309
3358,3.5,3460,3216,331
3362,3,3461,3133,321
3345,2,3462,3440,498
3337,1,3463,4700,515
3334,4,3464,4683,514
3335,1,3465,3444,499
3333,1,3466,3317,490
3339,6,3467,4891,500
3340,3,3468,3481,499
3317,1,3469,4224,534
3314,1,3470,5262,582
3347,2,3471,5488,632
3349,5,3472,5416,624
3351,2,3473,5439,628
3352,1,3474,3441,474
3354,4,3475,3163,468
3355,2,3476,4623,452
3356,1,3477,4828,478
3353,3,3478,4206,488
3323,2,3479,4146,423
3328,2,3480,4181,434
3325,1.5,3481,4179,432
3326,10,3482,3717,441
3327,2.5,3483,3031,410
3324,3,3484,4461,452
3321,4,3485,4157,492
3330,1.5,3486,4199,438
983,1.5,3487,4296,512
3332,3,3488,3145,428
3315,3,3489,3645,363
3316,2,3490,3809,382
3318,2,3491,3772,383
3320,2.5,3492,3868,406
3313,6,3493,3861,394
3365,4,3494,2607,340
3366,3,3495,3248,336
3479,3,3496,2436,312
3209,6,3497,1804,301
3206,4,3498,1888,302
3208,2.5,3499,2530,311
3210,2,3500,1846,300
3205,4,3501,2584,320
3211,5,3502,1797,292
3212,1,3503,1581,276
3213,4,3504,1705,286
3214,2.5,3505,1711,287
3215,3.5,3506,1721,293
3216,2.5,3507,1640,276
3297,3,3508,3826,466
3298,4.5,3509,3547,457
3299,3.5,3510,3729,455
3296,4,3511,3503,453
3302,4,3512,3388,452
3304,9,3513,3763,474
3301,3,3514,4099,484
3300,2,3515,4134,493
3303,4,3516,3917,492
3220,1,3517,1268,247
3219,4,3518,1275,249
3218,3,3519,1261,260
3217,1.5,3520,1261,254
3272,4,3521,2846,377
3273,2,3522,2818,381
3274,2,3523,2062,369
3271,3,3524,2083,375
3275,1,3525,2060,368
3242,2.5,3526,3381,406
3244,4,3527,3260,349
3246,1,3528,3347,371
3247,3,3529,3250,341
3248,4,3530,3223,346
3250,2,3531,3417,392
3252,3,3532,3208,348
3253,2.5,3533,3325,376
3268,2,3534,3290,382
3269,2,3535,3257,374
3270,2.5,3536,3377,384
3249,4,3537,3264,363
3238,4,3538,3586,413
3267,4,3539,3317,379
3264,2.5,3540,3178,361
3243,2.5,3541,3562,417
3254,2,3542,3389,384
3257,2,3543,3281,359
3258,5,3544,3369,376
3259,5,3545,3308,377
3261,2.5,3546,3184,366
3262,2,3547,3353,390
3263,1,3548,3240,369
3266,2,3549,3219,366
3228,1,3550,3484,393
3229,3,3551,2206,384
3910,2,3552,3564,417
3232,1,3553,3325,360
3233,1.5,3554,2880,389
3225,1,3555,3575,416
3227,1,3556,3324,358
3265,2,3557,2035,361
3221,4,3558,3352,369
3223,2.5,3559,2839,379
3234,3,3560,2189,379
3241,1,3561,3528,406
3224,1,3562,3560,412
3235,1.5,3563,1974,360
3256,2.5,3564,3425,387
3222,4,3565,3329,360
3231,2,3566,2874,389
3245,1,3567,3276,354
3251,3,3568,3190,353
3260,1,3569,3412,393
3237,3,3570,3458,415
3239,1,3571,3349,362
3226,1,3572,3509,407
3236,3,3573,2193,382
3255,3,3574,3283,366
3230,3,3575,2218,381
3284,4,3576,2961,384
3282,2,3577,1699,350
3280,2,3578,2961,386
3285,2,3579,2989,390
3276,4,3580,2643,382
3277,2,3581,2986,390
3278,2,3582,2884,390
3279,2,3583,2664,385
3281,1,3584,2964,387
3283,1.5,3585,2885,391
3286,5,3586,2996,388
3287,4,3587,2228,381
3291,2,3588,2002,347
3290,4,3589,2248,380
3288,4,3590,2224,382
3289,2,3591,2010,345
3292,4,3592,2213,375
3294,2,3593,2194,368
3295,2,3594,2005,349
3293,3,3595,2193,371
3470,4,3596,3308,356
3305,4,3597,3299,351
3312,6,3598,3289,347
909,6,3599,6195,555
2219,14,3600,3629,186
3781,15,3601,2206,154
1879,3,3602,2071,304
1875,4,3603,1999,300
1880,3,3604,2050,302
1878,3,3605,2205,289
2205,4,3606,2184,290
1876,3,3607,2061,305
