adr,ymd,chenap_count,amount_car,chenap_adr1,chenap_adr2,lng,lat
동대문구,2020-09-03,2,251340,철원군,동송읍 북원로,127.039657,37.57452298
동대문구,2020-09-07,3,673510,노원구,마들로,127.039657,37.57452298
동대문구  용두동 홈플러스,2020-09-14,8,1746530,동대문구,사가정로15길,127.038773,37.5744985
동대문구  휘경2치안센터,2020-09-21,2,127200,중랑구,상봉로25길,127.064504,37.5882005
동대문구,2020-09-21,2,398860,동대문구,왕산로,127.039657,37.57452298
동대문구,2020-09-21,2,388560,동대문구,왕산로,127.039657,37.57452298
동대문구,2020-09-25,2,331520,종로구,지봉로,127.039657,37.57452298
동대문구  휘경동 동일하이빌,2020-09-25,2,55760,성동구,뚝섬로17가길,127.07359,37.5825552
동대문구 전농제2동 답십리1동 황물로사거리,2020-10-07,3,582840,동대문구,답십리로52길,127.051844,37.5690426
동대문구,2020-10-12,2,127200,동대문구,장한로33길,127.039657,37.57452298
동대문구,2020-10-15,2,266820,동대문구,답십리로23길,127.039657,37.57452298
서울 동대문구 천호대로 145,2020-10-16,4,546450,동대문구,한천로24길,127.0398966,37.57439172
동대문구,2020-10-16,3,83640,동대문구,한천로26길,127.039657,37.57452298
동대문구 전농제2동 장안동 364-9,2020-10-19,1,27880,김포시,통진읍,127.069853,37.5682587
서울 동대문구 천호대로 145,2020-10-22,8,1603620,동대문구,홍릉로,127.0398966,37.57439172
동대문구  사가정로 153,2020-10-28,1,214150,동대문구,사가정로,127.0617856,37.5781734
동대문구  장한로27길 11,2020-11-02,2,485800,중구,동호로20길,127.071081,37.57295205
동대문구,2020-11-02,2,314500,광진구,동일로50길,127.039657,37.57452298
동대문구,2020-11-03,2,428020,광진구,긴고랑로36길,127.039657,37.57452298
서울 동대문구 천호대로 145,2020-11-06,4,791370,강서구,마곡서로,127.0398966,37.57439172
동대문구,2020-11-09,3,83640,중랑구,용마산로,127.039657,37.57452298
동대문구,2020-11-10,2,127200,강동구,양재대로138길,127.039657,37.57452298
동대문구  이문로1길 8-6,2020-11-10,4,991440,동대문구,경희대로3길,127.0536952,37.58880313
동대문구,2020-11-10,2,127200,강동구,양재대로138길,127.039657,37.57452298
동대문구 이문로9길 42,2020-11-11,3,760700,중랑구,동일로157나길,127.0564424,37.59411221
동대문구 청량리역,2020-11-11,7,1010180,동대문구,서울시립대로14길,127.046973,37.5809647
동대문구  장안1동 392-3,2020-11-12,1,186430,부산진구,성지로35번길,127.0670834,37.56961476
서울 동대문구 천호대로 145,2020-11-25,2,494150,노원구,동일로227길,127.0398966,37.57439172
서울 동대문구 천호대로 145,2020-11-27,3,434050,서대문구,세검정로1길,127.0398966,37.57439172
동대문구 답십리제2동 장안1동 375-10,2021-03-02,2,428300,동대문구,답십리로59길,127.067452,37.5668815
동대문구 답십리제2동,2021-03-03,2,355620,동대문구,장한로26다길,127.0612863,37.5673274
동대문구 전농제1동 망우로10가길 14-3,2021-03-04,2,157230,동대문구,망우로16길,127.057517,37.5865913
동대문구 전농제1동 망우로 40,2021-03-04,2,372240,광진구,뚝섬로52라길,127.058006,37.5890778
서울 동대문구 용신동,2021-03-04,3,494880,마포구,성미산로17길,127.0372623,37.57580317
서울 동대문구 장한로 21길,2021-03-04,2,408420,용산구,한강대로43길,127.069107,37.5702773
동대문구 답십리제2동,2021-03-04,1,63600,중랑구,사가정로46길,127.0612863,37.5673274
동대문구 답십리제2동 답십리1동 497-76,2021-03-05,3,500670,은평구,갈현로11길,127.061014,37.5707682
동대문구 답십리제2동 답십리1동 484-24,2021-03-05,1,133280,구리시,동구릉로148번길,127.052467,37.5690063
동대문구 전농제1동 휘경로31길45,2021-03-08,4,534720,동대문구,휘경로31길,127.06716,37.5960016
동대문구 전농제2동 장한로9길 24-4,2021-03-08,4,535000,동대문구,천호대로79길,127.066195,37.5662065
동대문구 전농제2동 제기동 849,2021-03-08,2,348690,동대문구,경희대로1길,127.068075,37.580414
동대문구 답십리제2동 전농1동 282-3,2021-03-08,4,568750,동대문구,전농로23길,127.061014,37.5707682
동대문구 답십리제2동 장안동 438-12,2021-03-09,2,207540,동대문구,천호대로87길,127.069125,37.5648894
서울 동대문구 정릉천동로 125,2021-03-10,4,704710,동대문구,정릉천동로,127.0359187,37.58343708
동대문구 답십리제2동 홍릉로10길 46,2021-03-11,4,535000,동대문구,홍릉로18길,127.045561,37.5861369
동대문구 전농제2동 KR 02571,2021-03-12,2,408960,서초구,방배로28길,127.059956,37.5780848
동대문구 전농제1동 시립대로4길45,2021-03-12,3,533430,동대문구,서울시립대로5길,127.068461,37.5815581
동대문구 전농제2동 답십리동 488-18,2021-03-15,2,296010,동대문구,장안벚꽃로,127.056313,37.5662566
동대문구 답십리제2동 장안1동 370-8,2021-03-17,2,267500,은평구,연서로3가길,127.06972,37.5718807
동대문구 전농제2동 전농로27길 41,2021-03-18,2,223640,광진구,능동로36길,127.05329,37.5803134
동대문구 전농제2동 전농동 206-60,2021-03-18,2,507500,동대문구,이문로6길,127.061101,37.5806791
동대문구 답십리제2동 답십리1동 486-45,2021-03-18,2,280450,중구,퇴계로73길,127.061014,37.5707682
동대문구 답십리제2동 답십리동 711,2021-03-18,2,202280,동대문구,왕산로22길,127.051166,37.5711782
동대문구 전농제2동 장안동 452-1,2021-03-19,2,137770,수원시,팔달구,127.068999,37.5634118
동대문구 전농제2동 장안1동 359-20,2021-03-19,2,414830,동대문구,장안벚꽃로,127.069726,37.5658261
동대문구 전농제2동 장안동 293-18,2021-03-22,2,24450,동대문구,약령시로,127.06937,37.5733225
동대문구 전농제2동 장안2동 304-9,2021-03-22,2,139610,동대문구,제기로,127.071297,37.5758712
동대문구 답십리제2동 장안1동 166-13,2021-03-29,3,289080,동대문구,답십리로64길,127.065937,37.5697205
동대문구 답십리제2동 장안1동 167-40,2021-03-29,2,398860,동대문구,장한로9길,127.061014,37.5707682
동대문구 답십리제2동 장안동 153-33,2021-03-29,2,355620,동대문구,한천로26길,127.061014,37.5707682
동대문구 전농제2동 장안동 436-4,2021-03-31,3,190800,,,127.067677,37.5655479
동대문구 전농제2동 청량리동 홍릉로10길,2021-04-01,3,459840,노원구,덕릉로94가길,127.044009,37.5846598
서울 동대문구 청량리동 48-8,2021-04-01,3,773830,강서구,공항대로63길,127.0487932,37.5864634
동대문구 답십리제2동 회기동 102-161,2021-04-01,2,267500,동대문구,망우로18가길,127.04956,37.590415
서울 동대문구 천호대로 145,2021-04-01,2,373940,성북구,아리랑로19길,127.0398966,37.57439172
서울 동대문구 천호대로 145,2021-04-01,2,454080,동대문구,무학로,127.0398966,37.57439172
동대문구 전농제2동 제기동 591,2021-04-05,3,534210,동대문구,고산자로28길,127.040657,37.5827689
동대문구 전농제2동 제기동 동대문중앙새마을금고,2021-04-05,2,355620,종로구,동숭4라길,127.041494,37.5827957
서울 동대문구 천호대로 145,2021-04-05,2,397920,평택시,서정역로19번길,127.0398966,37.57439172
동대문구 답십리제2동 제기동 693,2021-04-05,2,444740,성북구,고려대로2길,127.038643,37.5864186
동대문구 전농제1동 전농동 209-58,2021-04-06,1,63600,동작구,여의대방로22사길,127.05235,37.5807733
동대문구 전농제2동 청량리동 52-20,2021-04-06,3,439440,동대문구,왕산로43길,127.048005,37.5838655
동대문구 전농제2동 청량리동 214-42,2021-04-06,2,414640,동대문구,왕산로45길,127.046602,37.5858121
동대문구 시립대로4길 45,2021-04-07,4,577100,동대문구,사가정로2길,127.04904,37.5738641
동대문구 전농제1동 전농동 588-1,2021-04-08,1,27880,성북구,장월로26길,127.05113,37.5841795
동대문구 답십리제2동 용두동 693-11,2021-04-14,2,55760,동대문구,천호대로33길,127.043301,37.574569
동대문구 답십리제2동 답십리1동 483-47,2021-04-14,1,27880,동대문구,전농로,127.051188,37.5697637
동대문구 전농제2동 장안동 374-10,2021-04-15,2,461120,노원구,공릉로41길,127.068449,37.5682685
서울 동대문구 고산자로 54길,2021-04-15,2,355620,성북구,안암로9나길,127.038508,37.5872656
동대문구 답십리제2동 전농동 623-14,2021-04-16,2,529980,동대문구,천호대로45나길,127.044265,37.5778122
동대문구 전농제2동 답십리동 530-2,2021-04-19,2,256300,동대문구,천호대로71길,127.05336,37.5676094
동대문구 답십리제2동 답십리동 469-2,2021-04-19,1,63600,관악구,서림11길,127.048847,37.5724045
동대문구 전농제1동 이문동 288-13,2021-04-19,3,395120,강북구,삼양로54라길,127.060638,37.5964195
서울 동대문구 천호대로 145,2021-04-19,2,360590,강북구,한천로105길,127.0398966,37.57439172
동대문구 전농제2동 143 코리아병원,2021-04-20,3,1097010,강남구,압구정로,127.071476,37.5731952
동대문구 전농제2동 전농1동 127-397,2021-04-21,2,266560,광진구,능동로43길,127.050947,37.5809811
동대문구 답십리제2동 서울시립대로16길 45,2021-04-21,1,198960,서초구,주흥10길,127.053323,37.5792231
동대문구 답십리제2동 전농1동 558-120,2021-04-22,3,305640,동대문구,답십리로23길,127.050809,37.5787287
동대문구 전농제1동 제기로17길 53,2021-04-22,3,401250,동대문구,제기로17길,127.040751,37.5891209
동대문구 답십리제2동 전농동 581-67,2021-04-27,2,477200,동대문구,답십리로23나길,127.055689,37.5797356
동대문구 전농제2동 제기동 620-78,2021-04-27,2,701310,안양시,동안구,127.040633,37.5814805
서울 동대문구 천호대로 77길 9,2021-04-28,5,1445520,송파구,송파대로,127.0611161,37.56265348
동대문구 답십리제2동 답십리2동 19-51,2021-04-28,1,23920,예천군,유천면,127.058238,37.5673098
동대문구 전농제2동 제기동 769-4,2021-04-29,1,6450,동대문구,약령시로,127.039615,37.5831297
서울 동대문구 천호대로 145,2021-04-29,3,689820,송파구,양재대로71길,127.0398966,37.57439172
동대문구 답십리제2동 청량리동 40-15,2021-04-29,2,388560,동대문구,전농로34길,127.049794,37.5841711
동대문구 답십리제2동 왕산로 225,2021-04-29,2,398860,동대문구,왕산로,127.047064,37.5820999
서울 동대문구 천호대로 145,2021-04-29,2,617760,은평구,은평로10길,127.0398966,37.57439172
서울 동대문구 천호대로 145,2021-05-03,5,566560,성북구,화랑로48길,127.0398966,37.57439172
동대문구 전농제2동 청량리동 235-10,2021-05-06,3,401250,동대문구,제기로,127.047246,37.5830549
동대문구 전농제2동 장안1동 464-12,2021-05-10,2,387470,동대문구,전농로10길,127.061101,37.5806791
동대문구 전농제1동 전농로35나길4,2021-05-10,2,267500,서대문구,북아현로11라길,127.056779,37.5682205
동대문구 답십리제2동 장안2동 경남호텔,2021-05-10,1,217050,동대문구,답십리로68길,127.070477,37.5698801
동대문구 답십리제2동 제기동 134-71,2021-05-11,1,133750,성동구,무학봉11가길,127.035303,37.5851852
동대문구 전농제1동 전농로38길41,2021-05-11,2,447480,마포구,독막로,127.0540314,37.58665691
서울 동대문구 천호대로 145,2021-05-11,4,668760,노원구,덕릉로119가길,127.0398966,37.57439172
동대문구 답십리제2동 장안동 194-44,2021-05-12,2,127200,하남시,신평로67번길,127.064634,37.5679643
동대문구 전농제2동,2021-05-13,2,55760,성북구,장월로17길,127.0600226,37.57804268
동대문구 전농제2동 장안동 442-8,2021-05-13,4,679170,중구,퇴계로90길,127.070001,37.5701957
동대문구 답십리제2동 장안동 445-15,2021-05-24,2,622380,동대문구,한천로14길,127.069091,37.564511
동대문구 전농제1동 안암로14길21,2021-05-24,3,224610,동대문구,신이문로24길,127.028712,37.580673
동대문구 답십리제2동,2021-05-26,2,350900,동대문구,천호대로91길,127.0612863,37.5673274
동대문구 전농제2동 장안2동 121-27,2021-05-26,2,179700,동대문구,답십리로63길,127.069181,37.5766112
동대문구 전농제2동 장안동 106-14,2021-05-26,2,454730,관악구,조원로31길,127.068968,37.5787918
동대문구 답십리제2동 장안1동 423-4,2021-05-26,2,333120,동대문구,장한로3길,127.06497,37.5637294
서울 동대문구 제기로5길 9,2021-05-31,3,645570,동대문구,제기로5길,127.0343445,37.58695404
동대문구 전농제1동 이문로1길8-11,2021-06-01,2,693330,성동구,마조로16길,127.053692,37.5890528
동대문구 답십리제2동 장한로16길 17,2021-06-01,2,333890,동대문구,천호대로,127.069421,37.5667723
동대문구 전농제1동 청량리,2021-06-01,5,1498750,안성시,금광면,127.047282,37.5862443
서울 동대문구 천호대로 145,2021-06-02,2,140380,동대문구,천호대로45길,127.0398966,37.57439172
동대문구 전농제2동 전농1동 547,2021-06-03,1,99100,강남구,학동로7길,127.05113,37.5841795
서울 동대문구 천호대로97길 9,2021-06-04,8,1897190,양천구,목동로3길,127.0699154,37.56136855
동대문구 답십리제2동 장안동 393-3,2021-06-04,4,721180,동대문구,답십리로66길,127.067125,37.5688008
동대문구 답십리제2동 청량리동 415-2,2021-06-07,1,124560,동대문구,홍릉로18길,127.043681,37.5861466
동대문구 답십리제2동 청량리동 234-20,2021-06-07,2,140080,동대문구,왕산로45길,127.046669,37.5846769
동대문구 답십리제2동 청량리동 홍릉로10길,2021-06-08,2,388560,동대문구,왕산로,127.04402,37.5846688
동대문구 전농제1동 휘경로31길31-1,2021-06-08,3,449350,동대문구,휘경로31길,127.067182,37.595425
동대문구 답십리제2동 약령중앙로8길 6,2021-06-10,2,508520,성북구,장위로16길,127.037554,37.5815536
동대문구 답십리제2동 제기동 1179,2021-06-10,2,331520,광진구,긴고랑로7길,127.035914,37.5841489
서울 동대문구 천호대로 145,2021-06-11,2,266560,동대문구,답십리로52길,127.0398966,37.57439172
서울 동대문구 천호대로 145,2021-06-11,2,374680,음성군,맹동면,127.0398966,37.57439172
서울 동대문구 천호대로 145,2021-06-11,2,439020,동대문구,약령시로17길,127.0398966,37.57439172
서울 동대문구 천호대로 145,2021-06-11,2,441170,동대문구,답십리로,127.0398966,37.57439172
서울 동대문구 천호대로 145,2021-06-11,2,267500,동대문구,신이문로2길,127.0398966,37.57439172
서울 동대문구 천호대로 145,2021-06-14,1,133750,동대문구,무학로26길,127.0398966,37.57439172
서울 동대문구 천호대로 145,2021-06-14,2,35020,동대문구,장한로33길,127.0398966,37.57439172
서울 동대문구 천호대로 145,2021-06-14,4,911220,동대문구,서울시립대로,127.0398966,37.57439172
서울 동대문구 천호대로 145,2021-06-14,2,266560,동대문구,답십리로,127.0398966,37.57439172
서울 동대문구 이문 쌍용 116동,2021-06-14,2,55760,동대문구,한천로58길,127.067754,37.6017946
서울 동대문구 천호대로 145,2021-06-14,2,266560,동대문구,제기로31길,127.0398966,37.57439172
서울 동대문구 천호대로 145,2021-06-14,2,149100,동대문구,약령시로5길,127.0398966,37.57439172
서울 동대문구 천호대로 145,2021-06-14,2,299520,동대문구,장한로20길,127.0398966,37.57439172
서울 동대문구 천호대로 145,2021-06-14,2,781450,동대문구,답십리로23길,127.0398966,37.57439172
서울 동대문구 천호대로 145,2021-06-14,3,501480,동대문구,외대역동로20길,127.0398966,37.57439172
서울 동대문구 천호대로 145,2021-06-14,2,294240,동대문구,천호대로9가길,127.0398966,37.57439172
서울 동대문구 천호대로 145,2021-06-14,3,83640,동대문구,답십리로56길,127.0398966,37.57439172
서울 동대문구 장안벛꽃로 107,2021-06-15,2,267500,동대문구,장안벚꽃로,127.075096,37.5710396
서울 동대문구 천호대로 145,2021-06-15,2,333890,동대문구,제기로21길,127.0398966,37.57439172
서울 동대문구 천호대로 145,2021-06-15,4,535000,동대문구,고산자로62길,127.0398966,37.57439172
서울 동대문구 천호대로 145,2021-06-15,4,1303900,동대문구,답십리로23길,127.0398966,37.57439172
동대문구 전농제2동 장안1동 415-2,2021-06-16,1,179220,동대문구,답십리로65길,127.061551,37.562587
서울 동대문구 천호대로 145,2021-06-16,3,224730,동대문구,전농로,127.0398966,37.57439172
서울 동대문구 천호대로 145,2021-06-16,3,702540,동대문구,한천로,127.0398966,37.57439172
서울 동대문구 천호대로 145,2021-06-16,3,76550,동대문구,답십리로15길,127.0398966,37.57439172
서울 동대문구 천호대로 145,2021-06-17,2,441390,동대문구,한천로,127.0398966,37.57439172
서울 동대문구 천호대로 145,2021-06-17,3,560910,동대문구,장한로14길,127.0398966,37.57439172
서울 동대문구 천호대로 145,2021-06-17,2,411820,동대문구,한천로43길,127.0398966,37.57439172
서울 동대문구 천호대로 145,2021-06-17,3,413170,동대문구,외대역동로,127.0398966,37.57439172
서울 동대문구 천호대로 145,2021-06-17,2,411130,동대문구,망우로12나길,127.0398966,37.57439172
서울 동대문구 천호대로 145,2021-06-17,2,307620,동대문구,장안벚꽃로,127.0398966,37.57439172
서울 동대문구 천호대로 145,2021-06-17,2,284120,동대문구,제기로17길,127.0398966,37.57439172
서울 동대문구 천호대로 145,2021-06-18,2,786660,동대문구,답십리로,127.0398966,37.57439172
서울 동대문구 천호대로 145,2021-06-18,2,396180,동대문구,신이문로22길,127.0398966,37.57439172
서울 동대문구 천호대로 145,2021-06-21,2,388060,동대문구,왕산로19라길,127.0398966,37.57439172
동대문구 답십리제2동 전농동 55-26,2021-06-21,2,266560,동대문구,전농로20다길,127.055689,37.5797356
동대문구,2021-06-21,2,388560,동대문구,전농로16길,127.039657,37.57452298
동대문구 전농제1동 제기로17길 37,2021-06-22,3,694480,동대문구,고산자로52길,127.040875,37.5884631
동대문구 전농제1동 제기로23-2,2021-06-22,1,166890,관악구,쑥고개로,127.035711,37.5866717
동대문구 답십리제2동 천호대로77다길 11-7,2021-06-22,2,577640,강남구,개포로109길,127.064406,37.5660092
서울 동대문구 천호대로 145,2021-06-22,4,817580,동대문구,서울시립대로,127.0398966,37.57439172
서울 동대문구 천호대로 145,2021-06-22,4,1118660,성동구,무수막길,127.0398966,37.57439172
서울 동대문구 천호대로 145,2021-06-23,2,280870,동대문구,전농로3가길,127.0398966,37.57439172
서울 동대문구 천호대로 145,2021-06-24,2,298240,양주시,평화로1475번길,127.0398966,37.57439172
동대문구 전농제2동 용답동 229-13,2021-06-28,5,922610,광진구,동일로4가길,127.061301,37.5613167
동대문구 전농제2동 용신동 254-29,2021-06-29,3,467440,강북구,오패산로38길,127.028516,37.5729966
동대문구 답십리로38길37,2021-06-29,2,307170,동대문구,답십리로38길,127.0494751,37.572749
동대문구 황물로65-11,2021-06-29,3,286460,동대문구,천호대로,127.0486547,37.57255031
동대문구 전농제2동 제기동 620-112,2021-07-05,2,31410,성북구,화랑로17길,127.040645,37.5813454
동대문구 답십리제2동 청량리동 120-417,2021-07-05,1,27880,동대문구,제기로17길,127.045189,37.588822
서울 동대문구 천호대로 145,2021-07-05,2,447480,중랑구,동일로126길,127.0398966,37.57439172
동대문구 전농제2동 제기동 645,2021-07-09,3,669090,서대문구,독립문로6길,127.040791,37.5807507
동대문구 전농제1동 휘경동 200-8,2021-07-09,3,558590,강동구,올림픽로92길,127.062322,37.5917246
동대문구 전농제2동 경동시장로 18,2021-07-09,3,73250,중구,연안부두로,127.040791,37.5805164
동대문구 전농제2동 제기동 849,2021-07-13,3,210120,동대문구,하정로2가길,127.039409,37.5790032
동대문구 전농제1동 전농로9길7-9,2021-07-13,9,1324120,광진구,아차산로62길,127.057077,37.5739687
동대문구 전농제1동 천호대로45길35,2021-07-13,2,55760,중구,퇴계로83길,127.043029,37.574443
서울 동대문구 천호대로 145,2021-07-14,2,465700,동대문구,정릉천동로,127.0398966,37.57439172
서울 동대문구 천호대로 145,2021-07-14,2,361300,동대문구,전농로31나길,127.0398966,37.57439172
동대문구  한천로2길 104,2021-07-15,3,495120,영등포구,영등포로67길,127.0641736,37.56224397
동대문구  휘경2동 보호관찰소,2021-07-15,3,328000,관악구,광신길,127.068181,37.5856397
서울 동대문구 천호대로 145,2021-07-21,3,943610,동대문구,황물로3길,127.0398966,37.57439172
서울 동대문구 천호대로 145,2021-07-21,2,391180,동대문구,사가정로,127.0398966,37.57439172
동대문구 전농제1동 답십리로23나길45,2021-07-23,4,264180,동대문구,전농로27길,127.0540493,37.57938859
동대문구 답십리제2동 한천로24길 47-5,2021-07-26,3,805170,동대문구,답십리로41길,127.067624,37.570125
서울 동대문구 천호대로 145,2021-07-26,2,427380,동대문구,답십리로,127.0398966,37.57439172
동대문구  장안동 460-14,2021-07-26,4,599480,,,127.067236,37.56322409
동대문구 전농제1동 한천로55길8,2021-07-27,3,401040,동대문구,휘경로31길,127.067331,37.5967223
동대문구 답십리제2동 제기동 120-201,2021-07-29,3,568990,동대문구,제기로13길,127.037204,37.5837341
서울 동대문구 답십리로 40길 17,2021-07-30,2,294240,동두천시,평화로2490번길,127.0508532,37.57312053
동대문구 답십리제2동 왕산로 263,2021-07-30,4,111520,동대문구,왕산로43가길,127.05019,37.5844412
동대문구 답십리제2동 청량리동 50-8,2021-07-30,3,197400,동대문구,천장산로9길,127.049239,37.5838019
서울 동대문구 약령시로 154,2021-07-30,3,83640,중랑구,상봉로5길,127.0470264,37.58304395
동대문구  청량리동 청량미주아파트,2021-08-03,4,479130,동대문구,답십리로23길,127.045842,37.5824337
동대문구 사가정로13길25,2021-08-03,2,127200,동대문구,전농로31나길,127.0582579,37.57895275
동대문구  장한로23길21,2021-08-04,2,55760,동대문구,답십리로,127.0694906,37.57125705
동대문구 전농동 SK아파트,2021-08-04,5,734600,중랑구,용마산로93길,127.060442,37.576625
동대문구  약령시로95,2021-08-05,3,61060,동대문구,약령시로,127.040651,37.58314516
동대문구 천호대로25길73,2021-08-05,2,373400,금천구,두산로3가길,127.0340413,37.57742909
서울 동대문구 천호대로 145,2021-08-06,2,307620,강남구,역삼로70길,127.0398966,37.57439172
동대문구 무학로49길75,2021-08-10,2,559420,고양시,덕양구,127.0263648,37.57967939
동대문구 전농제1동 신설동 49-2,2021-08-10,2,127200,중구,필동로3길,127.026322,37.5782409
동대문구 용신동 참빛교회,2021-08-10,2,1068340,동대문구,왕산로16길,127.026062,37.5786013
동대문구 하정로29,2021-08-10,2,55760,,,127.0266552,37.5736333
서울 동대문구 용두동 왕순대,2021-08-11,3,401250,용산구,효창원로,127.03856,37.577616
동대문구  답십리로 64길85,2021-08-12,7,836350,중구,을지로,127.0656594,37.56910983
동대문구 한천로24길 47-12 201동,2021-08-12,3,805170,동대문구,답십리로41길,127.0680484,37.57035527
동대문구  이문로1길 12,2021-08-18,2,439850,성북구,길음로9길,127.052389,37.5881253
동대문구 답십리제2동 신설동 92-117,2021-08-18,2,266560,동대문구,무학로35길,127.027589,37.5756097
동대문구 회기로8가길 28,2021-08-19,3,158720,동대문구,회기로8가길,127.0389592,37.58985281
동대문구 전농제1동 전농동 192-2,2021-08-19,4,1206360,강남구,학동로,127.055689,37.5797356
서울 동대문구 천호대로 145,2021-08-19,3,742240,강북구,삼양로54길,127.0398966,37.57439172
동대문구  답십리2동 954-7,2021-08-20,2,439270,동대문구,황물로17길,127.0594054,37.56529112
서울 동대문구 천호대로 145,2021-08-20,3,596880,동대문구,외대역동로26길,127.0398966,37.57439172
동대문구 한천로4길 13-3,2021-08-24,3,863680,노원구,중계로,127.0596626,37.56381065
서울 동대문구 천호대로 145,2021-08-25,3,83640,동대문구,전농로20나길,127.0398966,37.57439172
동대문구  제기로65 맞은편,2021-08-26,2,55760,광진구,능동로34길,127.0402834,37.586788
동대문구 ,2021-08-26,5,1192410,동대문구,천호대로67길,127.039657,37.57452298
서울 동대문구 천호대로 145,2021-08-26,4,1006970,은평구,은평로11길,127.0398966,37.57439172
동대문구  답십리로68길 10,2021-08-30,5,625630,동대문구,답십리로,127.0695335,37.57196088
동대문구  장안2동 345-14,2021-08-30,2,447480,동대문구,장한로23길,127.0714442,37.56948606
동대문구  장안1동 479-13,2021-09-01,4,99120,중랑구,신내로,127.0596272,37.56354496
동대문구 장한로23길 11-9,2021-09-01,3,371110,성동구,고산자로,127.069903,37.57048483
동대문구  답십리로64길117,2021-09-01,2,55760,성동구,독서당로,127.0647104,37.5679887
동대문구  청량리동 520-72,2021-09-06,4,152930,광진구,능동로34길,127.040648,37.58682058
동대문구  장안동 418-6,2021-09-06,5,782940,남양주시,진접읍,127.0632849,37.56264134
동대문구  한천로2길87,2021-09-08,2,122220,강북구,삼양로53길,127.0632823,37.56260332
동대문구  장안1동 169-65,2021-09-08,3,533430,동대문구,한천로26길,127.068504,37.5662232
동대문구  제기동 647-14,2021-09-09,2,522000,동대문구,왕산로43나길,127.0409606,37.58005311
동대문구 왕산로47길 20,2021-09-09,4,111520,동대문구,왕산로43가길,127.0496866,37.58523272
서울 동대문구 천호대로 145,2021-09-09,3,83640,동대문구,천호대로77길,127.0398966,37.57439172
동대문구 답십리제2동 황물로 115,2021-09-10,1,27880,동대문구,전농로,127.052093,37.5688173
동대문구 천호대로 45길83,2021-09-13,3,82500,진천군,진천읍,127.0444519,37.57629912
동대문구  장한로6길10,2021-09-14,3,585560,동대문구,전농로10길,127.0667373,37.5635281
동대문구 답십리제2동 제기동 1015,2021-09-15,2,127200,동작구,상도로11길,127.039636,37.5787689
동대문구  장안동 464-1,2021-09-16,2,214960,중랑구,상봉로,127.0654295,37.56185
동대문구 천호대로29길33,2021-09-16,1,93510,동대문구,천호대로41길,127.0405301,37.57508545
동대문구 답십리제2동 답십리로40길 57,2021-09-24,2,481840,동대문구,답십리로40길,127.049356,37.5717646
동대문구 전농제1동 전농1동 103-1,2021-09-27,1,27880,서대문구,홍연길,127.0520643,37.58534576
동대문구  장안동 현대벤처빌 B2,2021-09-27,3,1286380,아산시,온화로83번길,127.068777,37.5685026
동대문구 현대벤처빌 B2,2021-09-27,2,81760,금천구,시흥대로,127.068777,37.5685026
동대문구 전농제1동 전농로38길 30,2021-09-27,4,1037000,노원구,노원로,127.053397,37.58638771
동대문구  장안1동 460-13,2021-09-28,2,296900,동대문구,천호대로85길,127.0670109,37.56308925
동대문구 전농제1동 용두동 693-1,2021-09-28,3,749400,성북구,장위로11길,127.043992,37.5752355
동대문구 답십리제2동 장안동 405-13,2021-09-28,3,83640,동대문구,장한로34길,127.063035,37.564244
동대문구 천호대로45길 97,2021-09-28,1,99640,금천구,두산로9길,127.0446374,37.57689352
서울 동대문구 천호대로 145,2021-09-29,9,1808910,동대문구,답십리로3길,127.0398966,37.57439172
동대문구  청량리동 225-21,2021-09-30,1,191750,동대문구,천호대로37길,127.0449103,37.58338346
동대문구 답십리제2동 장한로6길 63,2021-10-01,3,67970,고양시,일산서구,127.069191,37.5623666
동대문구 답십리제2동,2021-10-01,2,221900,동대문구,천호대로85길,127.0612863,37.5673274
동대문구 답십리제2동 답십리1동 475-69,2021-10-07,2,198530,동대문구,답십리로,127.051779,37.5731602
동대문구  장안동 103-16,2021-10-07,1,119280,은평구,응암로,127.070001,37.5701957
동대문구  장한로29길34,2021-10-07,1,69950,동대문구,장한로,127.0698941,37.57439714
동대문구  답십리로65길22-10,2021-10-07,2,55760,동대문구,한천로26길,127.0696456,37.57341061
동대문구 사가정로20길9 ,2021-10-08,3,210120,동대문구,답십리로52길,127.066597,37.57801879
동대문구 한천로33길19,2021-10-08,2,360980,동대문구,서울시립대로8길,127.066904,37.57632808
동대문구,2021-10-08,2,45490,동대문구,회기로,127.039657,37.57452298
동대문구 답십리제2동 전농동 213-34,2021-10-12,3,83640,동대문구,전농로17길,127.051319,37.5797466
동대문구 답십리제2동 141-171번지 ,2021-10-12,3,83640,동대문구,사가정로,127.052083,37.5702679
동대문구  휘경동 보호관찰소,2021-10-12,4,533120,중랑구,공릉로2가길,127.068181,37.5856397
동대문구 답십리제2동 전농동 456-6,2021-10-12,2,264420,노원구,월계로53길,127.055689,37.5797356
동대문구  장한로28가길115,2021-10-13,2,334380,동대문구,사가정로,127.072799,37.57811406
동대문구  사가정로 274-5,2021-10-13,5,1016530,금천구,벚꽃로,127.0753909,37.57939472
동대문구  장안2동 315-6,2021-10-13,3,534210,성북구,장위로11길,127.0750716,37.57933645
동대문구 답십리제2동 장안동 150-8,2021-10-14,2,55760,동대문구,답십리로62길,127.06612,37.5715854
동대문구 답십리제2동 장안동 372-6,2021-10-14,2,55760,노원구,노원로16길,127.069583,37.570205
동대문구 답십리제2동 장안2동 365-1,2021-10-14,1,250260,동대문구,천호대로,127.070306,37.5695378
서울 동대문구 천호대로 145,2021-10-14,1,195310,영등포구,영등포로35길,127.0398966,37.57439172
동대문구 답십리제2동 용두동 20-33,2021-10-18,3,429970,동대문구,천호대로45길,127.040846,37.5774891
동대문구 답십리제2동 용두동 39-92,2021-10-19,3,721190,동대문구,천호대로45가길,127.041864,37.5758129
동대문구 답십리제2동 용두동 39-753,2021-10-19,3,463210,은평구,통일로,127.040777,37.5742636
동대문구 답십리제2동 장안1동 371-9,2021-10-20,1,63600,동대문구,장한로23길,127.070195,37.57143
서울 동대문구 천호대로 145,2021-10-20,8,804450,서구,가석로,127.0398966,37.57439172
동대문구 답십리제2동 서울시립대로16길 46,2021-10-21,1,198960,서초구,주흥10길,127.053187,37.5790881
동대문구  장안동 183-1,2021-10-21,3,370200,은평구,은평로11길,127.0654349,37.56800569
동대문구 답십리로 64길59,2021-10-21,2,172460,성동구,고산자로8라길,127.0661601,37.57012632
동대문구 제기로4길51,2021-10-22,2,52220,성북구,화랑로18길,127.0327293,37.58428891
동대문구 답십리제2동 답십리동 530-6,2021-10-22,2,453180,동대문구,천호대로67길,127.051041,37.5691871
동대문구 답십리제2동 용신동 39-525,2021-10-22,2,171250,동대문구,천호대로45나길,127.041491,37.5768401
동대문구 답십리제2동 용신동 39-407,2021-10-22,2,374740,동대문구,서울시립대로2길,127.04114,37.5760023
동대문구 답십리제2동 용신동 39-569,2021-10-22,1,94060,중랑구,망우로36길,127.040381,37.5758945
동대문구 답십리제2동 용신동 12-5,2021-10-25,2,55760,동대문구,왕산로32길,127.04182,37.5775248
동대문구 답십리제2동 홍릉로3길 40,2021-10-25,2,244810,성북구,동소문로42나길,127.042241,37.5817953
동대문구 답십리제2동 청량리동 256,2021-10-25,2,274430,성북구,동소문로42나길,127.045796,37.5811363
동대문구 경동시장로가-27,2021-10-26,3,401250,중구,대둔산로414번길,127.039647,37.5787238
동대문구,2021-10-26,3,601710,동대문구,무학로26길,127.039657,37.57452298
동대문구 전농제1동 용두동 693-3,2021-10-27,2,462740,은평구,통일로82나길,127.044819,37.5765597
동대문구 전농제1동 용신동 688-7,2021-10-27,3,577230,동대문구,서울시립대로,127.032434,37.5755454
동대문구  장안1동 429-5,2021-10-28,1,27880,성동구,마조로,127.0669306,37.56594121
동대문구 답십리제2동 답십리1동 324-33,2021-10-28,2,55760,동대문구,사가정로2길,127.052151,37.5702138
동대문구  답십리1동 469-91,2021-10-29,4,419740,동대문구,천호대로,127.0477669,37.57257888
서울 동대문구 천호대로 145,2021-10-29,3,542620,동대문구,외대역동로,127.0398966,37.57439172
동대문구 안암로 14길 21,2021-11-01,1,68660,관악구,인헌16다길,127.0287286,37.58069228
동대문구 답십리제2동 제기동 620-29,2021-11-01,3,401250,성북구,화랑로11길,127.052151,37.5702138
동대문구 답십리제2동 제기동 938,2021-11-03,1,49090,송파구,성내천로47길,127.038006,37.5808597
동대문구 답십리제2동 전농동 558-88,2021-11-04,3,401250,동대문구,전농로27길,127.051839,37.578476
동대문구 전농로 11길 33,2021-11-04,3,82910,서대문구,경기대로3길,127.0571445,37.57467754
동대문구 답십리제2동 답십리로30길 44,2021-11-05,1,177810,구리시,이문안로129번길,127.04741,37.5737206
동대문구 답십리제2동 용신동 39-928,2021-11-10,3,82500,진천군,진천읍,127.043426,37.5748843
동대문구  장안동 418-6,2021-11-11,1,198960,동대문구,답십리로15길,127.0632849,37.56264134
동대문구 이문로1길 8-13,2021-11-11,1,173960,도봉구,시루봉로15라길,127.0538632,37.58918265
동대문구 답십리제2동 사가정로 18,2021-11-11,3,83640,중랑구,봉화산로,127.050249,37.5709804
동대문구 답십리제2동 답십리동 462,2021-11-11,2,515250,동대문구,천호대로45나길,127.043833,37.574713
동대문구 답십리제2동 용두동 39-707,2021-11-11,2,186950,서대문구,세검정로1길,127.040879,37.5753988
동대문구 답십리제2동 제기동 591-9,2021-11-16,1,147120,서대문구,통일로39가길,127.041166,37.5828138
동대문구 ,2021-11-17,3,627210,중구,퇴계로90길,127.039657,37.57452298
동대문구  답십리1동 532-3,2021-11-22,1,63600,동대문구,전농로3길,127.051857,37.571259
동대문구 한천로 2길 26,2021-11-24,1,173620,종로구,창신12길,127.0598442,37.56284974
동대문구 답십리제2동,2021-11-29,1,33750,동대문구,제기로20길,127.0612863,37.5673274
동대문구 제기로 2길 51,2021-11-29,4,1024140,강남구,영동대로106길,127.0353188,37.58519888
동대문구  제기동 647-16,2021-12-01,1,27880,성북구,월곡로5가길,127.0408898,37.58020801
동대문구  청량리동 688,2021-12-01,1,124560,동대문구,제기로17길,127.0436462,37.58320617
동대문구 한천로 51길 21,2021-12-02,2,105900,동대문구,한천로51길,127.0662598,37.58556966
동대문구 전농제1동 천호대로45길41,2021-12-02,4,478640,동대문구,답십리로8길,127.043211,37.5746952
동대문구 천호대로 12길 15,2021-12-08,2,293800,강북구,오패산로38길,127.028837,37.5730921
동대문구  장안동 464-1,2021-12-09,6,1296120,동대문구,왕산로37길,127.0654295,37.56185
동대문구 전농제1동 무학로43길10,2021-12-13,3,19350,성북구,안암로7길,127.029289,37.580844
동대문구,2021-12-30,1,240400,동대문구,천호대로85길,127.039657,37.57452298
동대문구  장안동 409-4,2022-01-04,1,444370,중랑구,겸재로42길,127.0603045,37.56306727
동대문구 전농제1동 정릉천동로 158,2022-01-10,2,267500,동대문구,전농로27길,127.037035,37.5862118
서울 동대문구 천호대로 145,2022-01-18,2,206830,동대문구,회기로14길,127.0398966,37.57439172
동대문구 대광고 동작교,2022-01-18,4,667560,강남구,언주로,127.024397,37.5775024
동대문구,2022-01-18,2,267500,강남구,봉은사로111길,127.039657,37.57452298
동대문구  제기동 846-41,2022-01-19,1,27880,성북구,동소문로35가길,127.0403928,37.5816696
동대문구  동대문경찰서 입구 미주APT대로,2022-01-19,4,770160,성남시,수정구,127.045662,37.5850376
동대문구,2022-01-20,2,277060,동대문구,전농로20길,127.039657,37.57452298
서울 동대문구 천호대로 145,2022-01-24,3,401250,동대문구,고미술로,127.0398966,37.57439172
서울 동대문구 천호대로 145,2022-01-25,8,1765560,,,127.0398966,37.57439172
서울 동대문구 천호대로 145,2022-02-04,2,265850,동대문구,이문로,127.0398966,37.57439172
동대문구  장한로21길 11-4,2022-02-08,2,374500,중랑구,답십리로85길,127.0690406,37.56974643
서울 동대문구 천호대로 145,2022-02-08,1,133680,성동구,행당로,127.0398966,37.57439172
동대문구  동대문구 답십리동 536,2022-02-09,2,388560,동대문구,제기로38길,127.054123,37.5688443
동대문구 경동시장로8길,2022-02-10,5,234800,도봉구,해등로16길,127.039647,37.5787238
동대문구 전농제1동 청량리역,2022-02-10,5,1357540,원주시,늘품로,127.046973,37.5809647
동대문구 전농제1동 동대문구 전농동 647-1,2022-02-11,5,707460,성북구,오패산로1길,127.046878,37.5745587
서울 동대문구 천호대로 145,2022-02-11,3,396630,동대문구,답십리로56길,127.0398966,37.57439172
동대문구 ,2022-02-14,1,27880,사하구,사리로55번길,127.039657,37.57452298
동대문구  동대문구 제기동 849,2022-02-14,1,27880,강북구,도봉로71가길,127.0405498,37.58066476
동대문구 제기로6가길21,2022-02-15,5,681100,광진구,면목로,127.0355891,37.58569732
동대문구 답십리지구대,2022-02-15,2,55760,동대문구,답십리로60길,127.051121,37.5712684
동대문구  동대문구 용두동 20-37,2022-02-16,6,1201960,동대문구,고산자로32길,127.0396603,37.57748797
동대문구  왕산로19마길3,2022-02-21,5,1224680,양천구,중앙로27길,127.032595,37.57942925
동대문구  동대문구 망우로4길13,2022-02-22,2,55760,동대문구,망우로4길,127.0549165,37.58711105
동대문구  동대문구 홍릉로18길21,2022-02-23,2,267500,은평구,불광로,127.0446321,37.58635333
동대문구  동대문구 이문동 83-45,2022-02-24,2,516840,의정부시,서광로,127.0652992,37.59613073
동대문구  하정로14,2022-03-02,2,273580,종로구,옥인6길,127.0270166,37.57235236
동대문구 천호대로 79길 85,2022-03-02,1,63600,중랑구,용마산로111길,127.0649048,37.56591865
동대문구  동대문구 전농동 588-1,2022-03-02,2,531140,원주시,늘품로,127.0479022,37.58015862
동대문구 장한로 26다길 107,2022-03-03,5,1521390,동대문구,장한로26다길,127.0711981,37.56703135
서울 동대문구 천호대로 145,2022-03-04,5,350200,동대문구,한천로14길,127.0398966,37.57439172
서울 동대문구 천호대로 145,2022-03-07,2,55760,동대문구,답십리로,127.0398966,37.57439172
동대문구  동대문구 용두동 39-923,2022-03-14,4,777120,동대문구,천호대로35길,127.0408066,37.57475676
동대문구 한천로 4길 12,2022-03-14,5,1067160,서대문구,북아현로14나길,127.0594238,37.56345271
서울 동대문구 천호대로 145,2022-03-14,2,360980,동대문구,장한로24길,127.0398966,37.57439172
동대문구  동대문구 전농동 497-3,2022-03-16,1,27880,동대문구,신이문로,127.0482323,37.57687697
서울 동대문구 천호대로 145,2022-03-16,2,441680,동대문구,장한로34길,127.0398966,37.57439172
동대문구  동대문구 용두동 7,2022-03-18,1,27880,동대문구,무학로23길,127.0445023,37.5772983
동대문구  동대문구 용두동 27-10,2022-03-25,1,240400,구리시,체육관로,127.0385312,37.5765578
서울 동대문구 천호대로 145,2022-03-25,2,456900,동대문구,황물로1길,127.0398966,37.57439172
서울 동대문구 천호대로 145,2022-03-25,2,401140,동대문구,왕산로,127.0398966,37.57439172
동대문구 ,2022-03-28,1,68660,동대문구,사가정로,127.039657,37.57452298
동대문구  동대문구 제기동 55-12,2022-03-28,1,72210,파주시,조리읍,127.0349683,37.58205065
동대문구,2022-03-28,1,267390,동대문구,답십리로66길,127.039657,37.57452298
동대문구  동대문구 답십리동 530-9,2022-03-29,1,132210,양천구,남부순환로54길,127.0523159,37.56816865
서울 동대문구 천호대로 145,2022-03-30,2,761400,서울특별시,동대문구,127.0398966,37.57439172
동대문구  동대문구 제기동 924,2022-03-31,2,441600,서대문구,독립문로6길,127.0389471,37.58145033
동대문구  동대문구 제기동 850,2022-03-31,2,384820,동대문구,회기로12나길,127.0412803,37.58162712
서울 동대문구 천호대로 145,2022-03-31,2,347760,동대문구,전농로37길,127.0398966,37.57439172
동대문구  동대문구 제기동 849,2022-03-31,1,70040,수원시,영통구,127.0405498,37.58066476
동대문구  동대문구 제기동 854-1,2022-04-01,3,61060,동대문구,약령시로,127.0404868,37.58297511
동대문구  동대문구 제기동 1205,2022-04-01,3,401250,동대문구,전농로27길,127.0361832,37.58396255
동대문구  동대문구 청량리동 49,2022-04-04,1,194280,동대문구,제기로,127.0471605,37.58613556
동대문구  동대문구 청량리동 57-25,2022-04-04,3,399840,성북구,한천로,127.0479321,37.58613435
동대문구 제기로 136,2022-04-04,2,428300,동대문구,제기로,127.048185,37.58630282
동대문구 고산자로 54길 46-1,2022-04-05,2,139900,동대문구,고산자로52길,127.0398557,37.58872374
동대문구  동대문구 청량리동 205-385,2022-04-05,5,668750,동대문구,제기로17길,127.0407519,37.58879732
동대문구  동대문구 장안동 479-2,2022-04-06,1,27880,동대문구,장한로,127.0666231,37.56579822
동대문구  동대문구 용두동 236-77,2022-04-06,2,414010,동대문구,왕산로19길,127.0283103,37.57664737
동대문구  동대문구 용두동 252-6,2022-04-07,3,647650,동대문구,무학로23길,127.029532,37.57297624
동대문구  동대문구 용두동 237-11,2022-04-07,4,667880,중구,퇴계로83길,127.0292313,37.57251672
동대문구 한천로 33길 15,2022-04-07,1,180490,동대문구,서울시립대로8길,127.066925,37.57615084
서울 동대문구 약령시로 159,2022-04-13,4,777120,동대문구,왕산로,127.0478161,37.58324212
동대문구 ,2022-04-13,4,746800,동대문구,제기로13길,127.039657,37.57452298
동대문구 ,2022-04-13,2,412860,동대문구,신이문로,127.039657,37.57452298
동대문구  용두동 236-10,2022-04-13,2,514590,동대문구,무학로35길,127.028911,37.57680841
동대문구 ,2022-04-14,3,765510,동대문구,천호대로45나길,127.039657,37.57452298
동대문구 ,2022-04-14,1,177810,강동구,천중로18길,127.039657,37.57452298
동대문구 ,2022-04-14,3,1097010,동대문구,서울시립대로,127.039657,37.57452298
동대문구 ,2022-04-14,5,1522840,성북구,화랑로,127.039657,37.57452298
동대문구 ,2022-04-14,2,454980,도봉구,도봉로180길,127.039657,37.57452298
동대문구 장한로 178,2022-04-18,1,89070,노원구,상계로24길,127.0723754,37.57618295
동대문구 ,2022-04-18,1,253750,의정부시,장곡로,127.039657,37.57452298
동대문구 ,2022-04-18,3,401250,중구,세종대로20길,127.039657,37.57452298
서울 동대문구 한천로 248,2022-04-18,5,700820,노원구,마들로,127.071898,37.58323604
동대문구  동대문구 제기동 939,2022-04-20,4,704600,중랑구,중랑천로,127.038032,37.58096094
동대문구 고산자로 60길 19,2022-04-20,4,680950,노원구,상계로9가길,127.0375448,37.58941574
동대문구  동대문구 장안동 376-4,2022-04-21,1,63600,포천시,신읍길,127.0672371,37.56639667
서울 동대문구 약령시로 159,2022-04-21,4,797720,동대문구,왕산로,127.0478161,37.58324212
서울 동대문구 약령시로 159,2022-04-21,3,452240,성북구,동소문로42나길,127.0478161,37.58324212
서울 동대문구 천호대로 145,2022-04-21,2,471080,동대문구,답십리로23길,127.0398966,37.57439172
동대문구 장한로 25길 16,2022-04-22,3,939850,성북구,오패산로17길,127.070286,37.5718624
동대문구  동대문구 답십리동 462,2022-04-22,1,78910,영등포구,여의대방로47라길,127.0438634,37.57473953
서울 동대문구 천호대로 145,2022-04-25,2,232750,동대문구,답십리로64길,127.0398966,37.57439172
동대문구 경동시장로 32,2022-04-28,3,401250,중구,대둔산로414번길,127.0407172,37.58182184
동대문구  동대문구 장안동 165-59,2022-05-02,3,223920,동대문구,한천로20길,127.0653978,37.5692735
서울 동대문구 천호대로 145,2022-05-02,3,588510,동대문구,답십리로63길,127.0398966,37.57439172
동대문구 고미술로43,2022-05-02,2,314500,수원시,권선구,127.0528618,37.56773683
동대문구  동대문구 답십리동 528,2022-05-02,5,713940,성동구,자동차시장1길,127.0518976,37.56816793
동대문구 답십리 멘토스 병원,2022-05-03,2,329060,동대문구,한천로,127.061407,37.5665244
동대문구  동대문구 청량리동 219,2022-05-03,5,439840,동대문구,제기로33길,127.0450297,37.58472796
동대문구  동대문구 제기동 137-623,2022-05-03,5,31520,중랑구,용마산로139다길,127.0355502,37.5880428
서울 동대문구 천호대로 145,2022-05-03,2,396180,동대문구,신이문로22길,127.0398966,37.57439172
동대문구 이문로 1길 21,2022-05-04,5,1045350,광주시,행정타운로,127.0515639,37.59016846
동대문구  사가정로2길7-3,2022-05-04,1,319090,성북구,종암로,127.0508514,37.57149603
동대문구  동대문구 답십리동 1001,2022-05-04,2,127200,서대문구,가재울로,127.0497539,37.5739045
동대문구  동대문구 답십리동 994,2022-05-10,3,594270,동대문구,답십리로41길,127.0539739,37.56693291
동대문구  동대문구 장안동 479-15,2022-05-11,4,1018250,중랑구,면목로44가길,127.0640746,37.5623735
동대문구  동대문구 답십리동 528,2022-05-11,3,824410,동대문구,천호대로47길,127.0518976,37.56816793
동대문구  동대문구 답십리동 528,2022-05-12,1,104360,강동구,동남로75길,127.0518976,37.56816793
동대문구 한천로 2길 26,2022-05-12,4,298200,동대문구,한천로37길,127.0598442,37.56284974
동대문구 한천로 2길 44,2022-05-12,4,1431920,강남구,봉은사로29길,127.0608784,37.56268874
동대문구  전농로35,2022-05-13,6,1369050,동대문구,전농로37길,127.0567804,37.56824047
동대문구  동대문구 청량리동 235-10,2022-05-16,3,582840,동대문구,왕산로,127.045315,37.58331978
동대문구  동대문구 장안동 167-16,2022-05-16,1,133550,동대문구,한천로24길,127.0667197,37.57016989
서울 동대문구 천호대로 145,2022-05-16,6,454750,강남구,학동로26길,127.0398966,37.57439172
동대문구  동대문구 장안동 479-3,2022-05-17,5,1383830,동대문구,천호대로77다길,127.0651284,37.56515034
동대문구  동대문구 답십리동 439-97,2022-05-19,2,588860,동대문구,답십리로,127.0558701,37.570263
동대문구  동대문구 장안동 365-5,2022-05-19,2,298240,하남시,미사강변동로,127.0703016,37.56892678
동대문구 한천로 2길 30,2022-05-20,1,63600,관악구,인헌21길,127.0600515,37.56281629
동대문구  동대문구 장안동 370-3,2022-05-23,2,266820,양천구,목동중앙로3길,127.0704172,37.57219182
동대문구  동대문구 전농동 199-68,2022-05-24,2,355620,강남구,밤고개로,127.0537871,37.58113069
동대문구 천호대로 31길 19,2022-05-25,4,623790,은평구,통일로,127.0405995,37.57443463
동대문구 전농SK,2022-05-27,4,694480,성동구,자동차시장1길,127.060442,37.576625
동대문구  동대문구 답십리동 469-12,2022-06-02,4,587620,동대문구,답십리로38길,127.04865,37.5725586
동대문구 시립대로 99-5,2022-06-02,2,347240,포천시,창수면,127.050391,37.5800443
동대문구  동대문구 장안동 432-4,2022-06-07,1,337220,광진구,면목로,127.064514,37.562473
동대문구  동대문구 장안동 479-2,2022-06-07,4,534720,성동구,행당로,127.0666231,37.56579822
동대문구  동대문구 용두동 237-15,2022-06-07,2,12900,동대문구,망우로12나길,127.0329567,37.57602655
 동대문구 용두동 119-61,2022-06-07,4,765480,성북구,종암로11길,127.0307262,37.57644512
동대문구  이문로12길3-7,2022-06-08,4,824360,동대문구,이문로,127.0588381,37.5937874
동대문구 이문로 72,2022-06-08,3,399840,동대문구,이문로,127.0585113,37.5934879
동대문구 동대문세무서 ,2022-06-08,3,598290,동대문구,왕산로,127.047789,37.5832258
서울 동대문구 천호대로 145,2022-06-08,2,127200,동대문구,답십리로62길,127.0398966,37.57439172
동대문구  이문로15-1,2022-06-09,2,447480,중랑구,동일로126길,127.0547951,37.58950748
서울 동대문구 천호대로 145,2022-06-09,2,449720,동대문구,외대역동로14길,127.0398966,37.57439172
동대문구 ,2022-06-10,3,640590,성동구,마장로,127.039657,37.57452298
동대문구  동대문구 용두동 39-9,2022-06-10,3,439440,동대문구,장한로34길,127.0397491,37.57441853
동대문구  동대문구 장안동 376-4,2022-06-13,2,366460,중랑구,봉우재로20길,127.0672371,37.56639667
동대문구 사가장로2길44,2022-06-13,2,55760,동대문구,사가정로2길,127.05223,37.5700966
동대문구 ,2022-06-13,3,317260,동작구,노량진로26길,127.039657,37.57452298
서울 동대문구 천호대로 145,2022-06-13,3,693590,동대문구,천호대로79길,127.0398966,37.57439172
서울 동대문구 천호대로 145,2022-06-14,2,355620,동대문구,한천로51길,127.0398966,37.57439172
서울 동대문구 천호대로 145,2022-06-15,2,387290,동대문구,천호대로45나길,127.0398966,37.57439172
동대문구  동대문구 답십리동 530-3,2022-06-16,1,63600,광진구,긴고랑로36길,127.0551791,37.56582458
동대문구  휘경로31길21,2022-06-16,5,857770,동대문구,휘경로31길,127.0674897,37.59499479
동대문구  동대문구 이문동 189-3,2022-06-16,2,355620,중랑구,중랑역로15길,127.069228,37.6007576
서울 동대문구 천호대로 145,2022-06-17,2,668680,동대문구,장한로28길,127.0398966,37.57439172
동대문구  동대문구 장안동 478-13,2022-06-17,1,57900,동대문구,장한로21길,127.0658115,37.56740641
서울 동대문구 천호대로 145,2022-06-17,3,702540,동대문구,한천로,127.0398966,37.57439172
동대문구  동대문구 장안동 140-1,2022-06-20,1,27880,노원구,섬밭로,127.0677315,37.57344524
동대문구 왕산로 45길 17,2022-06-21,2,505590,동대문구,홍릉로8길,127.0489541,37.58437528
동대문구 천호대로 89길 24,2022-06-22,3,206000,송파구,거마로,127.0685988,37.56271298
동대문구 황물로 121-2,2022-07-01,6,1476660,미추홀구,경인로,127.0527882,37.56833044
동대문구  동대문구 장안동 372-8,2022-07-01,5,668750,노원구,덕릉로131길,127.0700589,37.57079748
동대문구  동대문구 답십리동 532-1,2022-07-05,1,27880,성동구,동일로55가길,127.0514468,37.56921157
동대문구  동대문구 장안동 479-15,2022-07-05,2,333780,중구,필동로,127.0640746,37.5623735
서울 동대문구 천호대로 145,2022-07-05,3,612260,동대문구,천호대로,127.0398966,37.57439172
동대문구  왕산로26길27,2022-07-06,1,63600,성북구,북악산로1나길,127.0365641,37.57680755
서울 동대문구 천호대로 145,2022-07-06,3,62900,서울특별시,동대문구,127.0398966,37.57439172
동대문구 이문로 12길 3-7,2022-07-07,2,55760,동대문구,이문로,127.0588381,37.5937874
동대문구  동대문구 이문동 395-12,2022-07-07,3,652770,양천구,남부순환로27길,127.057636,37.60086339
동대문구  동대문구 이문동 393-9,2022-07-07,4,328010,강북구,수유로21길,127.0576411,37.60062408
동대문구  동대문구 장안동 471-2,2022-07-08,3,320540,노원구,덕릉로126길,127.0661281,37.56657011
동대문구  동대문구 답십리동 530-3,2022-07-11,3,440720,동대문구,천호대로95길,127.0551791,37.56582458
동대문구  사가정로9길68,2022-07-12,4,767090,용산구,녹사평대로46가길,127.0535453,37.57865324
동대문구 천호대로 83길 93,2022-07-12,4,774580,양평군,강하면,127.0666951,37.5661656
동대문구 장한로 25길 8,2022-07-12,3,784070,강남구,언주로,127.0706949,37.57189109
동대문구 ,2022-07-13,3,627700,동대문구,답십리로,127.039657,37.57452298
동대문구  홍릉로8길2-1,2022-07-14,3,750900,중랑구,용마산로129나길,127.0444064,37.58378026
동대문구  동대문구 장안동 391-25,2022-07-14,2,536780,동대문구,답십리로41길,127.0681292,37.57033216
동대문구  동대문구 답십리동 952-4,2022-07-15,3,770480,성동구,용답19길,127.0601385,37.56528471
동대문구  망우로20가길21,2022-07-18,6,1165680,동대문구,망우로16길,127.0640804,37.59026702
동대문구 전농로 16길 73-17,2022-07-18,3,606040,동대문구,전농로20길,127.0621552,37.57888878
동대문구 답십리로 38길 37,2022-07-18,5,721170,동대문구,답십리로38길,127.0494751,37.572749
서울 동대문구 천호대로 145,2022-07-18,2,223400,도봉구,마들로,127.0398966,37.57439172
동대문구  시립대로 164,2022-07-19,2,355620,동대문구,서울시립대로,127.052632,37.5794937
동대문구  동대문구 장안동 366-5,2022-07-19,6,1203780,동대문구,답십리로72길,127.0708754,37.56984554
동대문구  전농로38다길28,2022-07-19,4,913610,동대문구,전농로38다길,127.0545399,37.58613662
서울 동대문구 천호대로 145,2022-07-19,7,1375580,동대문구,답십리로40길,127.0398966,37.57439172
동대문구  동대문구 답십리동 542-6,2022-07-20,2,334320,김포시,양곡로,127.0474037,37.57242252
동대문구  하정로2길15,2022-07-20,3,548380,동대문구,하정로2길,127.0276478,37.57493474
동대문구  왕산로2길9,2022-07-20,1,92070,당진시,송산면,127.0249761,37.57566135
동대문구  동대문구 장안동 479-3,2022-07-20,4,111520,강남구,헌릉로745길,127.0651284,37.56515034
동대문구  동대문구 신설동 97-15,2022-07-20,3,324910,종로구,창신동,127.0255161,37.57532877
동대문구  전농로37길91-1,2022-07-22,3,157510,동대문구,약령시로,127.0512849,37.5811436
동대문구  답십리로23길80-2,2022-07-22,6,537060,동대문구,답십리로23길,127.050633,37.57870895
동대문구 ,2022-07-25,3,401250,구리시,갈매순환로204번길,127.039657,37.57452298
동대문구  동대문구 답십리동 530-9,2022-07-25,6,153150,동대문구,전농로,127.0523159,37.56816865
동대문구 약령동길 31,2022-07-25,7,1709500,구로구,신도림로21길,127.0377286,37.57972091
동대문구 천호대로 45길 39,2022-07-26,3,82500,진천군,진천읍,127.0431719,37.57465501
동대문구  동대문구 장안동 478-9,2022-07-27,3,707840,동대문구,장한로27길,127.0672587,37.56774401
동대문구  동대문구 청량리동 203-316,2022-07-27,3,400650,동대문구,제기로17길,127.0413251,37.58710551
동대문구  동대문구 장안동 321-11,2022-08-01,4,535000,동대문구,답십리로63길,127.0733219,37.57610208
서울 동대문구 천호대로 145,2022-08-03,4,25800,동대문구,사가정로,127.0398966,37.57439172
동대문구  동대문구 용두동 237-15,2022-08-04,3,570160,동대문구,경동시장로20길,127.0329567,37.57602655
동대문구  동대문구 제기동 122-694,2022-08-05,2,334320,동대문구,고산자로60길,127.0378326,37.59001878
동대문구 무학로 20다길 1-1,2022-08-05,4,417530,동대문구,무학로20다길,127.0316831,37.57124856
동대문구  시립대로28나길7-1,2022-08-08,2,501920,동대문구,왕산로43나길,127.053506,37.5816647
동대문구  답십리로23길139,2022-08-10,6,896120,동대문구,천호대로7길,127.0522963,37.58108676
동대문구 ,2022-08-10,3,673510,용산구,원효로84길,127.039657,37.57452298
동대문구  천장산로40,2022-08-11,7,895880,강북구,삼양로138길,127.0576802,37.59947791
동대문구  무학로45길14,2022-08-12,4,111520,성북구,안암로9길,127.0288423,37.58116888
동대문구  동대문구 용두동 104-34,2022-08-12,5,748990,노원구,덕릉로119가길,127.0331259,37.57731159
동대문구 천호대로 35길 81,2022-08-16,3,83640,동대문구,천호대로47길,127.0425199,37.57687367
동대문구  동대문구 청량리동 52-24,2022-08-17,3,500670,관악구,쑥고개로,127.0478809,37.58410903
서울 동대문구 청량리동 52-24,2022-08-17,3,582840,관악구,쑥고개로,127.0478809,37.58410903
동대문구  동대문구 용두동 237-8,2022-08-17,4,135000,중랑구,동일로152길,127.0292175,37.57456207
동대문구 장한로 36길 23-47,2022-08-18,3,562110,동대문구,서울시립대로2길,127.0735176,37.57855492
동대문구 천호대로 83길 92,2022-08-19,3,943850,동대문구,천호대로83길,127.0670531,37.56595187
동대문구  동대문구 답십리동 994,2022-08-22,3,83640,중랑구,봉화산로,127.0539739,37.56693291
동대문구  동대문구 장안동 479-15,2022-08-22,3,414620,노원구,한글비석로,127.0640746,37.5623735
서울 동대문구 천호대로 145,2022-08-22,3,507260,동대문구,사가정로,127.0398966,37.57439172
동대문구  전농로37가길9,2022-08-23,3,401250,서대문구,북아현로11라길,127.051945,37.5843143
동대문구  동대문구 청량리동 203-284,2022-08-24,2,74320,동대문구,홍릉로27길,127.0409206,37.58844065
동대문구  동대문구 장안동 478-12,2022-08-25,3,620730,동대문구,답십리로59길,127.0670051,37.56698128
동대문구  미주아파트입구 노상,2022-08-25,4,511370,성북구,동소문로42나길,127.045842,37.5824337
동대문구  동대문구 장안동 479-15,2022-08-26,4,997240,남양주시,화도읍 먹갓로27번길,127.0640746,37.5623735
동대문구 전농동 141-6,2022-08-31,3,786430,동대문구,약령시로21길,127.0538028,37.58241856
동대문구  동대문구 전농동 588-1,2022-08-31,3,494880,동대문구,서울시립대로2길,127.0479022,37.58015862
동대문구  동대문구 장안동 344-1,2022-09-01,3,496320,동대문구,장한로26다길,127.0722023,37.57124821
동대문구  이문로46길69,2022-09-01,4,535000,동대문구,이문로46길,127.0660485,37.60175015
동대문구  동대문구 장안동 478-12,2022-09-02,1,63600,포천시,신읍길,127.0670051,37.56698128
동대문구  동대문구 전농동 10,2022-09-02,2,127200,강남구,강남대로128길,127.0604658,37.57664213
동대문구  동대문구 장안동 163-10,2022-09-06,3,246740,동대문구,답십리로64길,127.0658801,37.57014243
동대문구  동대문구 장안동 455-8,2022-09-06,7,1066840,동대문구,천호대로77가길,127.0703014,37.56178837
동대문구  동대문구 청량리동 34,2022-09-06,5,139400,동대문구,왕산로43가길,127.0494381,37.58616554
동대문구  동대문구 청량리동 33-16,2022-09-06,5,139400,동대문구,왕산로43가길,127.0497163,37.585332
동대문구  동대문구 장안동 374-1,2022-09-07,4,1168720,동대문구,사가정로23가길,127.0688107,37.56852833
동대문구  동대문구 장안동 374-1,2022-09-07,7,1494450,동대문구,장한로,127.0688107,37.56852833
동대문구  동대문구 장안동 374-1,2022-09-07,5,695490,동대문구,장한로,127.0688107,37.56852833
동대문구  시립대로27번길40,2022-09-13,4,533120,중랑구,공릉로,127.052545,37.5843681
동대문구  청량리역,2022-09-13,3,827810,동대문구,장한로26다길,127.046973,37.5809647
동대문구  동대문구 제기동 856,2022-09-14,1,27880,동대문구,약령시로,127.0385999,37.58258065
동대문구  망우로20가길 8,2022-09-14,4,826360,강서구,국회대로,127.0635629,37.589876
동대문구 ,2022-09-14,3,799860,광진구,영화사로9나길,127.039657,37.57452298
동대문구  동대문구 휘경동 43-204,2022-09-14,4,667560,동대문구,한천로49길,127.0671725,37.58617516
동대문구  동대문구 용두동 39-694,2022-09-14,4,254400,동대문구,천호대로29길,127.0412727,37.57529782
동대문구  한빛로29,2022-09-15,2,167800,시흥시,서울대학로264번길,127.0260429,37.57834392
동대문구  동대문구 장안동 477-14,2022-09-15,3,647710,강서구,초록마을로26길,127.0705727,37.56514721
동대문구  동대문구 답십리동 528,2022-09-15,1,139260,동대문구,고미술로,127.0518976,37.56816793
동대문구  동대문구 휘경동 161-10,2022-09-15,9,976140,동대문구,경희대로6길,127.0635291,37.59411338
동대문구  동대문구 전농동 6,2022-09-16,4,533120,강남구,논현로159길,127.064958,37.57727197
동대문구  동대문구 전농동 141-164,2022-09-16,3,401040,동대문구,전농로,127.0552856,37.58106332
